geoname_id,name,ascii_name,feature_class,feature_code,population,admin1_code,admin2_code,latitude,longitude
753037,Żurowa,Zurowa,P,PPL,2321,77,1216,49.82636,21.16894
754520,Wyśmierzyce,Wysmierzyce,P,PPLA3,858,78,1401,51.62494,20.81394
754847,Wólka Tanewska,Wolka Tanewska,P,PPL,1453,80,1812,50.50005,22.26113
755572,Wiśniowa,Wisniowa,P,PPL,1900,77,1209,49.7878,20.11502
756048,Węgorzewo,Wegorzewo,P,PPLA3,11864,85,2819,54.21567,21.7372
756197,Jodłówka-Wałki,Jodlowka-Walki,P,PPL,1119,77,1216,50.04992,21.13332
757479,Szarów,Szarow,P,PPL,1337,77,1219,49.99505,20.2696
758467,Srokowo,Srokowo,P,PPL,1400,85,2808,54.21416,21.52282
759399,Siedliska,Siedliska,P,PPL,2351,77,1216,49.87163,20.99625
759534,Sawin,Sawin,P,PPL,2181,75,0603,51.27443,23.43375
760745,Radoszyce,Radoszyce,P,PPLA3,3400,84,2605,51.07392,20.25836
760825,Raczki,Raczki,P,PPL,2322,81,2012,53.98749,22.78487
761255,Pruchnik,Pruchnik,P,PPL,3694,80,1804,49.9062,22.51554
762663,Paprotnia,Paprotnia,P,PPLA3,184,78,1426,52.30071,22.46756
762904,Ostrów,Ostrow,P,PPL,1800,80,1804,49.96812,22.7871
763121,Opatów,Opatow,P,PPLA2,6799,84,2606,50.80058,21.42538
3100619,Daszyna,Daszyna,P,PPLA3,600,74,1004,52.15503,19.18153
3100880,Dąbie,Dabie,P,PPLA3,2003,86,3009,52.08668,18.8225
3100936,Człopa,Czlopa,P,PPLA3,2370,87,3217,53.08856,16.12098
3101170,Czarna Woda,Czarna Woda,P,PPL,3227,82,2213,53.84458,18.10006
3101198,Czarków,Czarkow,P,PPL,1924,83,2410,50.01833,18.90678
3101869,Cewice,Cewice,P,PPL,1687,82,2208,54.43551,17.73485
3103531,Biały Bór,Bialy Bor,P,PPLA3,2209,87,3215,53.8967,16.83543
3104132,Aleksandrów Łódzki,Aleksandrow Lodzki,P,PPLA3,20292,74,1020,51.81965,19.30384
7302565,Rzgów,Rzgow,P,PPLA3,3370,74,1006,51.66345,19.49181
12047621,Rejon ulicy Saperów,Rejon ulicy Saperow,P,PPLX,1402,72,0264,51.08614,17.0005
12047646,Swojczyce,Swojczyce,P,PPLX,1215,72,0264,51.11567,17.12535
763989,Niedźwiada,Niedzwiada,P,PPL,2466,80,1815,49.98937,21.52162
765106,Maszkienice,Maszkienice,P,PPL,1401,77,1202,49.9892,20.68657
766783,Łapy,Lapy,P,PPLA3,16434,81,2002,52.9911,22.88422
767237,Krzywda,Krzywda,P,PPL,1400,75,0611,51.79519,22.19994
767357,Krynki,Krynki,P,PPLA3,2700,81,2011,53.26444,23.77304
767610,Krasnopol,Krasnopol,P,PPL,1300,81,2009,54.11613,23.20476
768146,Korczew,Korczew,P,PPLA3,760,78,1426,52.35327,22.61338
769534,Karczmiska,Karczmiska,P,PPLA3,800,75,0612,51.22952,21.98158
770001,Józefów nad Wisłą,Jozefow nad Wisla,P,PPLA3,1029,75,0612,51.04183,21.83018
770288,Jastków,Jastkow,P,PPLA3,700,75,0609,51.30411,22.43546
770609,Jakubów,Jakubow,P,PPLA3,551,78,1412,52.21965,21.68032
770792,Iłża,Ilza,P,PPLA3,5121,78,1425,51.16313,21.23979
770966,Hrubieszów,Hrubieszow,P,PPLA3,18605,75,0604,50.80502,23.89251
771384,Grójec,Grojec,P,PPLA3,14880,78,1406,51.86252,20.86757
771985,Godziszów,Godziszow,P,PPLA3,2242,75,0605,50.74889,22.49794
772518,Firlej,Firlej,P,PPLA3,1000,75,0608,51.55882,22.50841
772722,Dziekanów Leśny,Dziekanow Lesny,P,PPL,1466,78,1432,52.35243,20.85124
772822,Dwikozy,Dwikozy,P,PPLA3,1723,84,2609,50.73613,21.78864
773148,Dobre Miasto,Dobre Miasto,P,PPL,10514,85,2814,53.98668,20.39749
774158,Ciepielów,Ciepielow,P,PPLA3,770,78,1409,51.24838,21.57475
774505,Chmielnik,Chmielnik,P,PPLA3,3466,80,1816,49.97386,22.14535
774649,Cegłów,Ceglow,P,PPLA3,2846,78,1412,52.14782,21.73739
775513,Borowa,Borowa,P,PPL,1451,80,1811,50.38548,21.3515
775634,Bolimów,Bolimow,P,PPLA3,930,74,1015,52.07671,20.16352
776172,Biała Rawska,Biala Rawska,P,PPLA3,3231,74,1013,51.80779,20.47259
776407,Baranowo,Baranowo,P,PPLA3,1250,78,1415,53.17554,21.29803
3079855,Żywiec,Zywiec,P,PPLA3,32132,83,2417,49.68529,19.19243
3079923,Zwierzyń,Zwierzyn,P,PPLA3,1300,76,0806,52.83212,15.56763
3080083,Złotniki Kujawskie,Zlotniki Kujawskie,P,PPL,2400,73,0407,52.89943,18.14564
3080165,Zielona Góra,Zielona Gora,P,PPLA,118433,76,0862,51.93548,15.50643
3080389,Zdzieszowice,Zdzieszowice,P,PPLA3,13401,79,1605,50.42482,18.12349
3080636,Zarzecze,Zarzecze,P,PPL,1121,83,2417,49.71932,19.17526
3081003,Zaborze,Zaborze,P,PPL,2489,77,1213,50.02175,19.24067
3081330,Wrząsowice,Wrzasowice,P,PPL,1865,77,1206,49.95862,19.94654
3081387,Wręczyca Wielka,Wreczyca Wielka,P,PPL,2718,83,2406,50.84589,18.92086
3081839,Witaszyce,Witaszyce,P,PPL,3967,86,3006,51.94151,17.56182
3082310,Wielgie,Wielgie,P,PPLA3,1081,73,0408,52.74076,19.2635
3082635,Wapno,Wapno,P,PPLA3,1700,86,3028,52.90804,17.47504
3082647,Wąpielsk,Wapielsk,P,PPLA3,803,73,0412,53.13761,19.27792
3082838,Ujście,Ujscie,P,PPLA3,3869,86,3019,53.05339,16.73201
3082914,Tychy,Tychy,P,PPLA3,130000,83,2477,50.13717,18.96641
3083158,Trzcińsko Zdrój,Trzcinsko Zdroj,P,PPL,2466,87,3206,52.96487,14.60667
3083667,Szlachta,Szlachta,P,PPL,1200,82,2213,53.76827,18.11367
3084660,Stepnica,Stepnica,P,PPLA3,2067,87,3204,53.65187,14.62555
3084717,Stawiszyn,Stawiszyn,P,PPL,1564,86,3007,51.91786,18.11171
3085219,Sokolniki,Sokolniki,P,PPLA3,1200,74,1018,51.30738,18.33275
3085384,Śmiłowo,Smilowo,P,PPL,1145,86,3019,53.13647,16.92075
3086000,Sieniawa,Sieniawa,P,PPL,1100,76,0808,52.36344,15.37768
3087076,Rogoźnik,Rogoznik,P,PPL,2753,83,2401,50.39106,19.03776
3088435,Polkowice,Polkowice,P,PPLA2,21565,72,0216,51.50391,16.07261
3088504,Połajewo,Polajewo,P,PPLA3,2237,86,3002,52.79923,16.73347
3088535,Pogwizdów,Pogwizdow,P,PPL,3449,83,2403,49.80382,18.60106
3088788,Płoty,Ploty,P,PPLA3,4093,87,3205,53.80182,15.2667
3090364,Obrzycko,Obrzycko,P,PPLA3,2226,86,3024,52.70338,16.52807
3091641,Młynary,Mlynary,P,PPLA3,1815,85,2804,54.1869,19.72149
3091831,Mikołów,Mikolow,P,PPLA3,38821,83,2408,50.17103,18.9041
3091913,Mielno,Mielno,P,PPL,2184,87,3209,54.26086,16.0621
3091937,Mieleszyn,Mieleszyn,P,PPLA3,921,86,3003,52.66868,17.49779
3091957,Miejska Górka,Miejska Gorka,P,PPLA3,3169,86,3022,51.65573,16.95826
3091991,Międzybórz,Miedzyborz,P,PPL,2354,72,0214,51.39626,17.6661
3092402,Małomice,Malomice,P,PPL,3617,76,0810,51.55597,15.45004
3093350,Lipiany,Lipiany,P,PPLA3,4159,87,3212,53.00336,14.96919
3094043,Łąck,Lack,P,PPLA3,1350,78,1419,52.46621,19.61137
3094449,Krzyszkowice,Krzyszkowice,P,PPL,1900,77,1209,49.88346,19.92285
3094981,Kowal,Kowal,P,PPLA3,3490,73,0418,52.53019,19.14767
3095013,Kotlin,Kotlin,P,PPLA3,3416,86,3006,51.91913,17.64825
3095193,Kornowac,Kornowac,P,PPLA3,749,83,2411,50.07179,18.32846
3096328,Kęty,Kety,P,PPLA3,19249,77,1213,49.88214,19.22333
3096392,Kaźmierz,Kazmierz,P,PPLA3,3235,86,3024,52.51309,16.58403
3096779,Kamienna Góra,Kamienna Gora,P,PPLA3,21743,72,0207,50.78314,16.03037
3097594,Janowiec Wielkopolski,Janowiec Wielkopolski,P,PPLA3,5110,73,0419,52.75583,17.48981
3097935,Huta Stara B,Huta Stara B,P,PPLX,1939,83,2404,50.73792,19.13295
3099378,Cielmice,Cielmice,P,PPL,1200,83,2477,50.08826,19.01896
3099619,Gąbin,Gabin,P,PPLA3,4056,78,1419,52.39849,19.73509
3099634,Frombork,Frombork,P,PPLA3,2529,85,2802,54.35766,19.68029
3099654,Fordon,Fordon,P,PPL,70000,73,0461,53.14821,18.17036
3099778,Dziećmorowice,Dziecmorowice,P,PPL,1162,72,0221,50.76947,16.35212
3100881,Dąbie,Dabie,P,PPLA3,417,76,0802,52.01056,15.15221
3100912,Czułów,Czulow,P,PPL,1119,77,1206,50.05956,19.70106
3101691,Chocznia,Chocznia,P,PPL,5510,77,1218,49.87417,19.45438
3102046,Burzenin,Burzenin,P,PPLA3,1100,74,1014,51.46077,18.83233
3102138,Buk,Buk,P,PPLA3,6102,86,3021,52.35532,16.51958
3104022,Babiak,Babiak,P,PPLA3,1500,86,3009,52.3453,18.66663
7534282,Żarki-Letnisko,Zarki-Letnisko,P,PPL,2344,83,2409,50.62295,19.27508
12047624,Zakrzów,Zakrzow,P,PPLX,10737,72,0264,51.16624,17.13688
12047634,Marszowice,Marszowice,P,PPLX,1493,72,0264,51.17198,16.88441
12047641,Zalesie i Stadion,Zalesie i Stadion,P,PPLX,1301,72,0264,51.1197,17.09194
12047663,Wojszyce,Wojszyce,P,PPLX,5338,72,0264,51.05837,17.04513
753130,Żołynia,Zolynia,P,PPLA3,5145,80,1810,50.162,22.30825
753910,Załuski,Zaluski,P,PPLA3,402,78,1420,52.51152,20.52864
754174,Zagórzyce,Zagorzyce,P,PPL,3182,80,1815,50.0169,21.67517
754329,Żabno,Zabno,P,PPLA3,4250,77,1216,50.13334,20.88615
754652,Wydminy,Wydminy,P,PPL,2448,85,2806,53.98194,22.03239
755609,Winnica,Winnica,P,PPLA3,560,78,1424,52.64306,20.94114
755670,Wilków,Wilkow,P,PPLA3,208,75,0612,51.26224,21.87756
755675,Wilkołaz,Wilkolaz,P,PPLA3,2493,75,0607,51.01473,22.35014
755792,Wierzbno,Wierzbno,P,PPLA3,358,78,1433,52.31008,21.85902
756867,Tomaszów Mazowiecki,Tomaszow Mazowiecki,P,PPLA2,67197,74,1016,51.53131,20.00855
757809,Sulejówek,Sulejowek,P,PPLA3,18414,78,1412,52.25221,21.26902
758238,Stawiski,Stawiski,P,PPL,2417,81,2006,53.37987,22.15462
758435,Stanisławice,Stanislawice,P,PPL,1300,77,1201,49.9855,20.35123
759316,Siemień,Siemien,P,PPLA3,581,75,0613,51.62883,22.77243
759786,Rzeczniów,Rzeczniow,P,PPLA3,673,78,1409,51.12804,21.44008
760987,Przytyk,Przytyk,P,PPLA3,990,78,1425,51.46567,20.90587
760999,Przytoczno,Przytoczno,P,PPL,1100,75,0608,51.61951,22.27135
761546,Poniatowa,Poniatowa,P,PPLA3,10056,75,0612,51.17983,22.13093
762782,Owczarnia,Owczarnia,P,PPL,1700,78,1421,52.11114,20.70468
763111,Opoczno,Opoczno,P,PPLA2,22592,74,1007,51.37569,20.27827
763464,Obrazów,Obrazow,P,PPLA3,518,84,2609,50.69276,21.65045
763586,Nowosielce,Nowosielce,P,PPL,1600,80,1814,50.05747,22.41056
763676,Nowe Brzesko,Nowe Brzesko,P,PPLA3,1756,77,1214,50.13222,20.37663
763901,Nieporęt,Nieporet,P,PPLA3,3239,78,1408,52.43152,21.03212
764602,Młynarze,Mlynarze,P,PPLA3,227,78,1411,52.95417,21.41141
764999,Miączyn,Miaczyn,P,PPLA3,749,75,0620,50.73825,23.5013
765430,Maków Mazowiecki,Makow Mazowiecki,P,PPLA2,9978,78,1411,52.86493,21.10053
765683,Lutoryż,Lutoryz,P,PPL,1524,80,1816,49.96712,21.9124
765854,Lubomino,Lubomino,P,PPL,1194,85,2809,54.06684,20.23956
765957,Łososina Dolna,Lososina Dolna,P,PPL,3400,77,1210,49.74977,20.63129
766523,Łęki Dolne,Leki Dolne,P,PPL,1500,80,1803,49.97386,21.24739
767983,Kostomłoty Drugie,Kostomloty Drugie,P,PPL,1522,84,2604,50.92684,20.56529
768210,Konstantynów,Konstantynow,P,PPL,1437,75,0601,52.20746,23.0853
768807,Kołbiel,Kolbiel,P,PPLA3,3000,78,1417,52.06431,21.48153
769345,Kazimierz Dolny,Kazimierz Dolny,P,PPLA3,3485,75,0614,51.31911,21.95502
769697,Kamienica,Kamienica,P,PPL,3100,77,1207,49.57533,20.34505
770149,Jedwabne,Jedwabne,P,PPLA3,2204,81,2007,53.28554,22.30353
770286,Jastrząb,Jastrzab,P,PPLA3,891,78,1430,51.24725,20.94758
771141,Handzlówka,Handzlowka,P,PPL,1500,80,1810,49.99527,22.22311
771392,Grodzisko Górne,Grodzisko Gorne,P,PPL,2221,80,1808,50.1869,22.43786
772023,Gnojnik,Gnojnik,P,PPLA3,2344,77,1202,49.89397,20.60863
772658,Dzików Stary,Dzikow Stary,P,PPLA3,1320,80,1809,50.24699,22.92984
773340,Dębno,Debno,P,PPL,1500,80,1808,50.19811,22.51837
773593,Dąbrowa Białostocka,Dabrowa Bialostocka,P,PPLA3,6044,81,2011,53.65364,23.34792
773941,Czarna Białostocka,Czarna Bialostocka,P,PPLA3,9592,81,2002,53.30509,23.28146
774776,Bukowsko,Bukowsko,P,PPLA3,1700,80,1817,49.48039,22.06329
775493,Borowie,Borowie,P,PPLA3,400,78,1403,51.94908,21.7658
775886,Bisztynek,Bisztynek,P,PPLA3,2462,85,2801,54.08633,20.90192
775986,Bielsk Podlaski,Bielsk Podlaski,P,PPLA3,26493,81,2003,52.76512,23.18647
776214,Besko,Besko,P,PPLA3,3700,80,1817,49.58757,21.95292
3080074,Złotoryja,Zlotoryja,P,PPL,15564,72,0226,51.12637,15.91979
3080295,Zelów,Zelow,P,PPLA3,8003,74,1001,51.46452,19.21972
3080380,Zębowice,Zebowice,P,PPL,1500,79,1608,50.7629,18.34434
3080457,Zbrosławice,Zbroslawice,P,PPLA3,2345,83,2413,50.41612,18.75443
3082319,Wieleń,Wielen,P,PPLA3,6067,86,3002,52.89461,16.17136
3082745,Ustronie Morskie,Ustronie Morskie,P,PPL,2081,87,3208,54.21517,15.75568
3082870,Uciechów,Uciechow,P,PPL,1017,72,0202,50.75487,16.68175
3083026,Tuczno,Tuczno,P,PPLA3,1919,87,3217,53.19374,16.15368
3083177,Trzciel,Trzciel,P,PPLA3,2335,76,0803,52.36504,15.87306
3083255,Trąbki Wielkie,Trabki Wielkie,P,PPL,1407,82,2204,54.17062,18.54003
3083611,Szubin,Szubin,P,PPLA3,9206,73,0410,53.00967,17.74
3084071,Święciechowa,Swieciechowa,P,PPLA3,2640,86,3013,51.85503,16.49805
3084142,Suszec,Suszec,P,PPLA3,4183,83,2410,50.02958,18.7916
3084396,Strzelno,Strzelno,P,PPLA3,5951,73,0409,52.62789,18.17246
3084890,Stare Czarnowo,Stare Czarnowo,P,PPLA3,520,87,3206,53.27861,14.77906
3085477,Słupia,Slupia,P,PPLA3,812,74,1015,51.85518,19.96997
3086109,Sidzina,Sidzina,P,PPL,1022,79,1607,50.57375,17.44904
3086291,Sanka,Sanka,P,PPL,1159,77,1206,50.06871,19.64596
3086398,Rzozów,Rzozow,P,PPL,1600,77,1206,49.95398,19.79668
3086523,Rymań,Ryman,P,PPL,1110,87,3208,53.94391,15.52866
3087401,Rajcza,Rajcza,P,PPL,3438,83,2417,49.50927,19.11278
3087497,Radomsko,Radomsko,P,PPL,45353,74,1012,51.06713,19.44477
3087917,Przewóz,Przewoz,P,PPLA3,850,76,0811,51.48053,14.95188
3088268,Poręba Wielka,Poreba Wielka,P,PPL,1858,77,1213,50.01116,19.28375
3088427,Połomia,Polomia,P,PPL,2497,83,2415,49.99185,18.55102
3088541,Pogorzyce,Pogorzyce,P,PPL,1400,77,1203,50.10186,19.42228
3089125,Piekary Śląskie,Piekary Slaskie,P,PPLA2,59757,83,2471,50.38017,18.92653
3089255,Pewel Wielka,Pewel Wielka,P,PPL,1548,83,2417,49.67457,19.37482
3089764,Ostroszowice,Ostroszowice,P,PPL,1303,72,0202,50.64576,16.63965
3090616,Nowe Miasteczko,Nowe Miasteczko,P,PPLA3,2825,76,0804,51.69097,15.73174
3091331,Mrzeżyno,Mrzezyno,P,PPL,1671,87,3205,54.14384,15.29142
3091377,Mosty,Mosty,P,PPL,1830,82,2211,54.61195,18.49634
3091686,Mirsk,Mirsk,P,PPL,4150,72,0212,50.97054,15.38567
3092197,Maszewo,Maszewo,P,PPLA3,3231,87,3204,53.49615,15.06166
3092322,Marciszów,Marciszow,P,PPL,1528,72,0207,50.8447,16.02116
3092818,Lubraniec,Lubraniec,P,PPLA3,3344,73,0418,52.54178,18.83254
3092938,Lubiewo,Lubiewo,P,PPLA3,1012,73,0416,53.46542,18.02994
3093439,Lidzbark,Lidzbark,P,PPLA3,8177,85,2803,53.26283,19.82663
3093463,Lgota Wielka,Lgota Wielka,P,PPLA3,636,74,1012,51.14904,19.32735
3093636,Lelów,Lelow,P,PPL,2127,83,2404,50.68335,19.62562
3093708,Lędziny,Ledziny,P,PPLA3,16305,83,2414,50.14264,19.13149
3094386,Krzyżowice,Krzyzowice,P,PPL,1035,83,2410,49.98528,18.67281
3094672,Krokowa,Krokowa,P,PPLA3,782,82,2211,54.77921,18.1616
3094892,Kozielice,Kozielice,P,PPLA3,0,87,3212,53.10679,14.82237
3095015,Kotla,Kotla,P,PPL,1400,72,0203,51.74542,16.03575
3095417,Kolsko,Kolsko,P,PPLA3,1000,76,0804,51.96146,15.95987
3095795,Kołobrzeg,Kolobrzeg,P,PPLA3,44377,87,3208,54.17565,15.58342
3095819,Koleczkowo,Koleczkowo,P,PPL,2000,82,2215,54.48629,18.34373
3096826,Kamienica,Kamienica,P,PPL,1300,79,1607,50.45007,16.95396
3097137,Jeżów,Jezow,P,PPLA3,1400,74,1021,51.81376,19.96877
3097241,Jeleśnia,Jelesnia,P,PPL,4098,83,2417,49.64246,19.32701
3097688,Janikowo,Janikowo,P,PPLA3,9169,73,0407,52.75328,18.11328
3098163,Grzmiąca,Grzmiaca,P,PPL,1348,87,3215,53.83734,16.43512
3098723,Gorzów Śląski,Gorzow Slaski,P,PPLA3,2300,79,1608,51.02871,18.42304
3099095,Goczałkowice Zdrój,Goczalkowice Zdroj,P,PPLA3,6321,83,2410,49.94454,18.96927
3100116,Drogomyśl,Drogomysl,P,PPL,2091,83,2403,49.86964,18.75727
3100297,Dobrzany,Dobrzany,P,PPLA3,2360,87,3214,53.35914,15.42886
3100327,Dobroń,Dobron,P,PPLA3,1210,74,1008,51.63885,19.24539
3100355,Dobre,Dobre,P,PPLA3,2500,73,0411,52.68398,18.57762
3100685,Dalików,Dalikow,P,PPLA3,410,74,1011,51.88476,19.11904
3100891,Czyżowice,Czyzowice,P,PPL,3128,83,2415,49.9849,18.40433
3100984,Czersk,Czersk,P,PPL,9390,82,2202,53.79589,17.97647
3101009,Czernichów,Czernichow,P,PPLA3,1707,77,1206,49.9892,19.68115
3102555,Bronów,Bronow,P,PPL,1012,83,2402,49.87782,18.92103
3103329,Bieżuń,Biezun,P,PPLA3,1931,78,1437,52.96107,19.88976
3103462,Bielawy,Bielawy,P,PPLA3,620,74,1005,52.07539,19.65557
3103476,Bielawa,Bielawa,P,PPL,29971,72,0202,50.69075,16.623
3103545,Białośliwie,Bialosliwie,P,PPLA3,2600,86,3019,53.10461,17.12533
3103719,Będzin,Bedzin,P,PPLA2,58236,83,2401,50.32607,19.12565
7534286,Ostrówek,Ostrowek,P,PPL,1800,78,1434,52.38938,21.36738
7535494,Tomaszkowice,Tomaszkowice,P,PPLA3,600,77,1219,49.97918,20.09966
7535570,Wiśniewo,Wisniewo,P,PPLA3,473,78,1413,53.06474,20.34805
12047617,Osiedle Kosmonautów,Osiedle Kosmonautow,P,PPLX,19048,72,0264,51.12753,16.96186
754066,Zakrzew,Zakrzew,P,PPLA3,630,75,0609,50.89004,22.59115
755143,Wola Sernicka,Wola Sernicka,P,PPL,1118,75,0608,51.44978,22.68351
755873,Wielkie Oczy,Wielkie Oczy,P,PPLA3,880,80,1809,50.02357,23.16407
756246,Wadowice Górne,Wadowice Gorne,P,PPL,1100,80,1811,50.26312,21.30215
756438,Tyszowce,Tyszowce,P,PPLA3,2137,75,0618,50.61699,23.69927
756456,Tyrawa Wołoska,Tyrawa Woloska,P,PPLA3,900,80,1817,49.57744,22.36988
756577,Turobin,Turobin,P,PPLA3,1036,75,0602,50.82367,22.74273
756980,Telatyn,Telatyn,P,PPLA3,603,75,0618,50.52712,23.83956
757214,Szumowo,Szumowo,P,PPL,1100,81,2014,52.91884,22.08449
758110,Strachocina,Strachocina,P,PPL,1100,80,1817,49.60815,22.08836
758393,Stąporków,Staporkow,P,PPLA3,5946,84,2605,51.13762,20.57173
760166,Ruciane-Nida,Ruciane-Nida,P,PPLA3,4722,85,2816,53.64161,21.53964
761193,Przedmieście Dubieckie,Przedmiescie Dubieckie,P,PPL,1100,80,1813,49.8371,22.37177
762032,Płoniawy-Bramura,Ploniawy-Bramura,P,PPLA3,359,78,1411,52.9778,21.07178
762366,Piątnica,Piatnica,P,PPL,1800,81,2007,53.19657,22.09591
763165,Olsztynek,Olsztynek,P,PPLA3,7591,85,2814,53.58374,20.28471
763661,Nowe Miasto,Nowe Miasto,P,PPLA3,2000,78,1420,52.65691,20.62838
764036,Niebieszczany,Niebieszczany,P,PPL,2500,80,1817,49.50348,22.15651
764039,Nidzica,Nidzica,P,PPL,14720,85,2811,53.36052,20.42749
764849,Mielec,Mielec,P,PPL,60993,80,1811,50.28709,21.4239
764956,Michałów-Reginów,Michalow-Reginow,P,PPL,1318,78,1408,52.41711,20.96595
765279,Manasterz,Manasterz,P,PPL,1149,80,1814,49.9352,22.34602
765313,Małogoszcz,Malogoszcz,P,PPLA3,3890,84,2602,50.81214,20.26407
767858,Kowiesy,Kowiesy,P,PPLA3,185,74,1015,51.88942,20.41929
770833,Hyżne,Hyzne,P,PPLA3,3900,80,1816,49.91769,22.18131
771477,Grębów,Grebow,P,PPLA3,3000,80,1820,50.56536,21.87404
771723,Gościeradów,Goscieradow,P,PPLA3,960,75,0607,50.86859,22.00536
771790,Górno,Gorno,P,PPL,1898,80,1816,50.28243,22.145
773033,Domaszowice,Domaszowice,P,PPL,1003,84,2604,50.87488,20.68288
773832,Czchów,Czchow,P,PPLA3,2256,77,1202,49.83726,20.68056
776001,Bieliny,Bieliny,P,PPL,1061,80,1812,50.44237,22.30482
776178,Biała Piska,Biala Piska,P,PPLA3,4027,85,2816,53.61191,22.06321
3080538,Zawadzkie,Zawadzkie,P,PPLA3,8439,79,1611,50.60503,18.48467
3080652,Żarów,Zarow,P,PPL,6719,72,0219,50.94116,16.49466
3080951,Zadzim,Zadzim,P,PPLA3,500,74,1011,51.77666,18.84928
3081677,Wodzisław Śląski,Wodzislaw Slaski,P,PPLA2,49521,83,2415,50.00377,18.47205
3081752,Władysławowo,Wladyslawowo,P,PPLA3,14889,82,2211,54.79086,18.4009
3082581,Wartkowice,Wartkowice,P,PPLA3,691,74,1011,51.97626,19.0018
3082607,Warnice,Warnice,P,PPLA3,695,87,3212,53.25376,14.99402
3082998,Turek,Turek,P,PPLA2,29533,86,3027,52.01548,18.50055
3083087,Trzebunia,Trzebunia,P,PPL,2059,77,1209,49.79146,19.84715
3083762,Szczutowo,Szczutowo,P,PPLA3,620,78,1427,52.94047,19.57438
3083964,Świnice Warckie,Swinice Warckie,P,PPLA3,1500,74,1004,52.04072,18.91786
3085070,Spytkowice,Spytkowice,P,PPLA3,3390,77,1211,49.57744,19.83341
3085138,Sośnie,Sosnie,P,PPLA3,1300,86,3017,51.47315,17.63383
3085252,Sobótka,Sobotka,P,PPLA3,6906,72,0223,50.89992,16.74441
3085481,Słupca,Slupca,P,PPLA2,14476,86,3023,52.28733,17.87192
3085610,Sławno,Slawno,P,PPLA2,13415,87,3213,54.36276,16.67888
3086045,Siekierczyn,Siekierczyn,P,PPL,1800,72,0210,51.12217,15.19375
3086720,Rudziniec,Rudziniec,P,PPL,1633,83,2405,50.35324,18.40914
3086903,Rozdrażew,Rozdrazew,P,PPLA3,1800,86,3012,51.78218,17.50491
3087046,Rokiciny,Rokiciny,P,PPLA3,699,74,1016,51.65078,19.80191
3087499,Radomin,Radomin,P,PPLA3,1012,73,0405,53.0867,19.19415
3087800,Przyrów,Przyrow,P,PPL,1222,83,2404,50.80051,19.52794
3087895,Przyborów,Przyborow,P,PPL,1200,76,0804,51.79991,15.7689
3088013,Przecieszyn,Przecieszyn,P,PPL,1157,77,1213,49.97838,19.17046
3088526,Pokój,Pokoj,P,PPLA3,1400,79,1606,50.90265,17.83751
3089048,Pietrzykowice,Pietrzykowice,P,PPL,4339,83,2417,49.69634,19.1599
3089065,Pieszyce,Pieszyce,P,PPLA3,9406,72,0202,50.71287,16.58232
3089392,Pasłęk,Paslek,P,PPLA3,12267,85,2804,54.0616,19.65932
3089767,Ostroróg,Ostrorog,P,PPLA3,1984,86,3024,52.6265,16.44988
3089881,Osielsko,Osielsko,P,PPL,3930,73,0403,53.18505,18.08418
3089987,Ornontowice,Ornontowice,P,PPLA3,5291,83,2408,50.19377,18.75435
3090158,Olesno,Olesno,P,PPLA3,10236,79,1608,50.87698,18.42094
3090357,Ochla,Ochla,P,PPL,1544,76,0862,51.87903,15.47132
3091089,Nekla,Nekla,P,PPLA3,3351,86,3030,52.36496,17.41329
3091315,Mszana,Mszana,P,PPLA3,3559,83,2415,49.96939,18.52793
3091547,Modlniczka,Modlniczka,P,PPL,1149,77,1206,50.11739,19.8553
3091700,Mirosławiec,Miroslawiec,P,PPLA3,2616,87,3217,53.34071,16.08793
3091979,Międzylesie,Miedzylesie,P,PPL,2766,72,0208,50.14778,16.66712
3092105,Mętków,Metkow,P,PPL,1409,77,1203,50.05251,19.37525
3092676,Luszowice,Luszowice,P,PPL,1800,77,1203,50.17415,19.40426
3092820,Łubowo,Lubowo,P,PPL,1300,87,3215,53.58634,16.39177
3092822,Łubowo,Lubowo,P,PPLA3,951,86,3003,52.51168,17.45333
3093027,Lubawka,Lubawka,P,PPL,6404,72,0207,50.70456,16.00026
3093158,Łobez,Lobez,P,PPL,10609,87,3218,53.63918,15.62129
3094408,Krzyż Wielkopolski,Krzyz Wielkopolski,P,PPLA3,6300,86,3002,52.88097,16.01116
3094549,Krzanowice,Krzanowice,P,PPLA3,2149,83,2411,50.01822,18.12251
3095194,Kórnik,Kornik,P,PPLA3,7206,86,3021,52.24772,17.08949
3095311,Konopiska,Konopiska,P,PPL,2901,83,2404,50.72695,19.00781
3095931,Kobylin,Kobylin,P,PPLA3,3130,86,3012,51.71645,17.22682
3096090,Kłobuck,Klobuck,P,PPL,13190,83,2406,50.90081,18.93674
3097104,Jordanów Śląski,Jordanow Slaski,P,PPLA3,1000,72,0223,50.86421,16.86873
3097130,Jeżów Sudecki,Jezow Sudecki,P,PPLA3,1800,72,0206,50.93507,15.74306
3097480,Jasień,Jasien,P,PPLA3,4398,76,0811,51.75142,15.01419
3097610,Janowice,Janowice,P,PPL,1708,83,2402,49.88496,19.09376
3099112,Gniezno,Gniezno,P,PPLA2,70269,86,3003,52.53481,17.58259
3099351,Gilowice,Gilowice,P,PPL,1214,83,2410,49.99505,19.09613
3099424,Gdynia,Gdynia,P,PPL,244969,82,2262,54.51889,18.53188
3100148,Drawno,Drawno,P,PPLA3,2423,87,3202,53.21986,15.75946
3100231,Dolsk,Dolsk,P,PPL,1527,86,3026,51.9818,17.06273
3100933,Człuchów,Czluchow,P,PPL,14759,82,2203,53.66722,17.35883
3100974,Czerwionka-Leszczyny,Czerwionka-Leszczyny,P,PPLA3,28740,83,2412,50.15007,18.67762
3101004,Czerniewice,Czerniewice,P,PPL,1027,73,0418,52.51157,19.08694
3101531,Chrząstowice,Chrzastowice,P,PPL,1200,79,1609,50.66622,18.07294
3101639,Chmielowice,Chmielowice,P,PPL,1500,79,1609,50.64957,17.86669
3101684,Chodów,Chodow,P,PPLA3,830,86,3009,52.24961,19.01218
3101976,Bystrzyca,Bystrzyca,P,PPL,2200,72,0215,50.96048,17.39702
3102058,Bulowice,Bulowice,P,PPL,4700,77,1213,49.8765,19.28873
3102378,Brzeziny Śląskie,Brzeziny Slaskie,P,PPLX,4901,83,2471,50.35439,18.98129
3102704,Bozkow,Bozkow,P,PPL,1600,72,0208,50.51315,16.57528
3102819,Borowno,Borowno,P,PPL,1364,83,2404,50.93247,19.2738
3103742,Będków,Bedkow,P,PPLA3,550,74,1016,51.58763,19.74956
3103780,Barwice,Barwice,P,PPLA3,3756,87,3215,53.7449,16.3553
7535568,Baranowo,Baranowo,P,PPL,1331,86,3021,52.43525,16.78631
7576421,Mirków,Mirkow,P,PPL,1200,72,0223,51.16105,17.17026
12047609,Rejon ulicy Klęczkowskiej,Rejon ulicy Kleczkowskiej,P,PPLX,6223,72,0264,51.1297,17.03376
12047613,Rejon alei Kromera,Rejon alei Kromera,P,PPLX,4421,72,0264,51.13375,17.07107
763291,Olecko,Olecko,P,PPLA3,15923,85,2813,54.03374,22.50704
763351,Okocim,Okocim,P,PPL,1900,77,1202,49.9489,20.6016
763442,Ochota,Ochota,P,PPL,93192,78,1465,52.22096,20.98526
763600,Nowogród,Nowogrod,P,PPL,2084,81,2007,53.22698,21.8821
764168,Nagłowice,Naglowice,P,PPLA3,950,84,2602,50.67835,20.10661
764194,Nadarzyn,Nadarzyn,P,PPLA3,9881,78,1421,52.09438,20.80776
765442,Maków,Makow,P,PPLA3,1600,74,1015,51.94696,20.05211
765681,Lutowiska,Lutowiska,P,PPLA3,750,80,1801,49.25318,22.69252
766795,Łapanów,Lapanow,P,PPLA3,1000,77,1201,49.86538,20.29149
766896,Łabunie,Labunie,P,PPLA3,1670,75,0620,50.65517,23.3662
767474,Krośnica,Krosnica,P,PPL,1400,77,1211,49.44787,20.33956
767673,Krasiczyn,Krasiczyn,P,PPLA3,440,80,1813,49.77644,22.65252
767940,Koszyce,Koszyce,P,PPL,1763,77,1216,49.97226,20.94166
768218,Końskie,Konskie,P,PPLA2,20756,84,2605,51.19166,20.40607
769514,Karniewo,Karniewo,P,PPLA3,968,78,1411,52.837,20.98886
770169,Jedlicze,Jedlicze,P,PPLA3,5629,80,1807,49.71749,21.64886
770316,Jasionów,Jasionow,P,PPL,1300,80,1802,49.65841,21.97678
770380,Jarosław,Jaroslaw,P,PPL,40134,80,1804,50.01623,22.67776
770602,Jakubowice Murowane,Jakubowice Murowane,P,PPLA3,259,75,0609,51.26992,22.63415
771374,Gromnik,Gromnik,P,PPLA3,3325,77,1216,49.83843,20.96123
772455,Gać,Gac,P,PPLA3,1550,80,1814,50.02693,22.35898
772561,Fałków,Falkow,P,PPLA3,1100,84,2605,51.13606,20.1061
772698,Dzierzążnia,Dzierzaznia,P,PPLA3,442,78,1420,52.62811,20.23364
774128,Cieszanów,Cieszanow,P,PPLA3,1935,80,1809,50.24564,23.13163
774186,Cielądz,Cieladz,P,PPLA3,1000,74,1013,51.71576,20.34428
774207,Ciechanowiec,Ciechanowiec,P,PPL,4946,81,2013,52.67828,22.49815
775086,Brzozów,Brzozow,P,PPLA2,7836,80,1802,49.69501,22.01926
775684,Boguty-Pianki,Boguty-Pianki,P,PPL,1690,78,1416,52.7168,22.41546
776454,Bałtów,Baltow,P,PPLA3,740,84,2607,51.01845,21.54385
776458,Baligród,Baligrod,P,PPLA3,1468,80,1821,49.3309,22.28566
3079897,Żychlin,Zychlin,P,PPLA3,9009,74,1002,52.24404,19.62613
3080156,Zielonki,Zielonki,P,PPL,2936,77,1206,50.12091,19.92156
3080263,Żerniki Wrocławskie,Zerniki Wroclawskie,P,PPL,1427,72,0223,51.03308,17.05662
3080494,Zbąszynek,Zbaszynek,P,PPLA3,5073,76,0808,52.24315,15.81654
3081653,Wojcieszów,Wojcieszow,P,PPLA3,3933,72,0226,50.95194,15.92185
3083185,Trzcianka,Trzcianka,P,PPLA3,16914,86,3002,53.04063,16.45629
3084051,Świerczów,Swierczow,P,PPLA3,492,79,1606,50.96016,17.7588
3084185,Sulmierzyce,Sulmierzyce,P,PPL,1400,74,1009,51.18456,19.19595
3084195,Sułkowice,Sulkowice,P,PPL,4835,77,1218,49.81932,19.35988
3084395,Strzelno,Strzelno,P,PPL,1063,82,2211,54.78564,18.32515
3085141,Sośnicowice,Sosnicowice,P,PPLA3,1691,83,2405,50.27214,18.52982
3085149,Sopotnia Wielka,Sopotnia Wielka,P,PPL,1667,83,2417,49.56853,19.28289
3085151,Sopot,Sopot,P,PPL,37089,82,2264,54.4418,18.56003
3085182,Szczerbice,Szczerbice,P,PPL,2142,83,2412,50.09416,18.44896
3085663,Skulsk,Skulsk,P,PPLA3,1400,86,3010,52.482,18.33112
3086541,Rychwał,Rychwal,P,PPLA3,2370,86,3010,52.07149,18.1651
3087144,Roczyny,Roczyny,P,PPL,3728,77,1218,49.8537,19.31568
3087339,Raszczyce,Raszczyce,P,PPL,1068,83,2412,50.1219,18.29962
3087573,Racławice Śląskie,Raclawice Slaskie,P,PPL,1600,79,1610,50.31204,17.77528
3088011,Przeciszów,Przeciszow,P,PPL,3996,77,1213,50.00647,19.37576
3088271,Cynków,Cynkow,P,PPL,1198,83,2409,50.56203,19.11956
3088931,Pisarzowice,Pisarzowice,P,PPL,4673,83,2402,49.88363,19.14565
3089591,Ożarów,Ozarow,P,PPL,1013,74,1017,51.14489,18.5111
3090066,Opatówek,Opatowek,P,PPL,3800,86,3007,51.73989,18.21653
3090067,Opatów,Opatow,P,PPL,1200,86,3008,51.21463,18.14615
3090558,Nowogard,Nowogard,P,PPLA3,16703,87,3204,53.67437,15.1163
3090590,Nowe Warpno,Nowe Warpno,P,PPLA3,1200,87,3211,53.72256,14.28961
3090613,Nowe Miasto Lubawskie,Nowe Miasto Lubawskie,P,PPL,10997,85,2812,53.42079,19.59515
3090673,Nowa Wieś Wielka,Nowa Wies Wielka,P,PPL,2207,73,0403,52.97159,18.09036
3091232,Mysłowice,Myslowice,P,PPL,74586,83,2470,50.20745,19.16668
3091323,Mstów,Mstow,P,PPL,1704,83,2404,50.82969,19.28547
3091817,Mikstat,Mikstat,P,PPLA3,1832,86,3018,51.53236,17.97378
3091961,Międzyzdroje,Miedzyzdroje,P,PPLA3,5502,87,3207,53.92921,14.45097
3091983,Międzychód,Miedzychod,P,PPLA2,10994,86,3014,52.59882,15.89696
3092024,Miechów Charsznica,Miechow Charsznica,P,PPL,1942,77,1208,50.39599,19.95031
3092082,Miasteczko Śląskie,Miasteczko Slaskie,P,PPLX,7327,83,2413,50.50262,18.93949
3092199,Maszewo,Maszewo,P,PPLA3,460,76,0802,52.06896,14.90553
3092280,Marianowo,Marianowo,P,PPLA3,910,87,3214,53.38287,15.26645
3092757,Ludwikowice Kłodzkie,Ludwikowice Klodzkie,P,PPL,2540,72,0208,50.62464,16.46052
3092988,Lubichowo,Lubichowo,P,PPL,2276,82,2213,53.85136,18.39901
3093081,Łosiów,Losiow,P,PPL,1600,79,1601,50.79096,17.56594
3093133,Łódź,Lodz,P,PPLA,768755,74,1061,51.77058,19.47395
3093906,Łasin,Lasin,P,PPLA3,3285,73,0406,53.51794,19.08832
3093969,Łąka Prudnicka,Laka Prudnicka,P,PPL,1270,79,1610,50.31061,17.52809
3094170,Kutno,Kutno,P,PPLA2,48323,74,1002,52.23064,19.36409
3095396,Komorniki,Komorniki,P,PPLA3,5144,86,3021,52.3387,16.81063
3095421,Kolonowskie,Kolonowskie,P,PPLA3,3382,79,1611,50.65338,18.38493
3095964,Kobiernice,Kobiernice,P,PPL,3455,83,2402,49.85497,19.21646
3096765,Kamień Pomorski,Kamien Pomorski,P,PPLA2,9036,87,3207,53.96849,14.77262
3097272,Jejkowice,Jejkowice,P,PPLA3,3753,83,2412,50.10814,18.46767
3098854,Gorenice,Gorenice,P,PPL,1350,77,1212,50.208,19.62038
3099180,Głowno,Glowno,P,PPLA3,15103,74,1020,51.96463,19.71565
3099529,Gałków Mały,Galkow Maly,P,PPL,1455,74,1006,51.72554,19.71359
753611,Zawichost,Zawichost,P,PPLA3,1853,84,2609,50.80743,21.85408
753702,Zatory,Zatory,P,PPLA3,970,78,1424,52.59929,21.18258
753866,Zamość,Zamosc,P,PPLA2,66034,75,0664,50.72314,23.25196
755889,Wieliczka,Wieliczka,P,PPLA2,18677,77,1219,49.98738,20.06473
756004,Wesoła,Wesola,P,PPL,20000,78,1465,52.25451,21.22407
756010,Wesoła,Wesola,P,PPL,2048,80,1802,49.79977,22.10029
756091,Wąwolnica,Wawolnica,P,PPLA3,1041,75,0614,51.29467,22.14681
756320,Ursus,Ursus,P,PPL,47285,78,1465,52.19517,20.88419
757512,Szaflary,Szaflary,P,PPL,2200,77,1211,49.42655,20.02713
757848,Suchożebry,Suchozebry,P,PPLA3,586,78,1426,52.25948,22.25289
758242,Stawiguda,Stawiguda,P,PPL,1464,85,2814,53.6572,20.40041
758857,Słupia,Slupia,P,PPLA3,290,84,2605,51.0137,20.1406
759022,Skrzydlna,Skrzydlna,P,PPL,1100,77,1207,49.75343,20.18618
759234,Sietesz,Sietesz,P,PPL,1800,80,1814,49.98622,22.34671
759503,Sejny,Sejny,P,PPLA3,5872,81,2009,54.10802,23.34698
759678,Sadowne,Sadowne,P,PPLA3,1200,78,1433,52.64124,21.84563
759778,Rzeczyca,Rzeczyca,P,PPL,1500,75,0601,51.96225,22.74942
760853,Rachanie,Rachanie,P,PPLA3,990,75,0618,50.53842,23.54688
761131,Przeworsk,Przeworsk,P,PPLA2,15805,80,1814,50.05912,22.49408
3100518,Dębowa Łąka,Debowa Laka,P,PPLA3,750,73,0417,53.25541,19.09595
3101117,Czarny Bór,Czarny Bor,P,PPLA3,4769,72,0221,50.77083,16.1305
3101367,Cieplice Śląskie Zdrój,Cieplice Slaskie Zdroj,P,PPL,15000,72,0261,50.86545,15.68367
3101947,Bytom Odrzański,Bytom Odrzanski,P,PPLA3,4408,76,0804,51.73062,15.82362
3103785,Baruchowo,Baruchowo,P,PPLA3,434,73,0418,52.49412,19.26496
7534583,Koszyce Wielkie,Koszyce Wielkie,P,PPL,2581,77,1216,49.98076,20.94552
7535493,Lubicz Górny,Lubicz Gorny,P,PPL,3520,73,0415,53.02686,18.771
12047614,Strachocin-Wojnów,Strachocin-Wojnow,P,PPLX,4861,72,0264,51.10486,17.15073
12047644,Rejon placu Świętego Macieja,Rejon placu Swietego Macieja,P,PPLX,44090,72,0264,51.12056,17.03761
753943,Zaleszany,Zaleszany,P,PPLA3,1000,80,1818,50.64799,21.89069
754029,Zakrzew,Zakrzew,P,PPLA3,339,78,1425,51.44095,21.00105
754897,Wólka Pełkińska,Wolka Pelkinska,P,PPL,1500,80,1804,50.09553,22.62342
755276,Wola Jachowa,Wola Jachowa,P,PPL,1300,84,2604,50.84524,20.85814
755427,Wojciechów,Wojciechow,P,PPLA3,920,75,0609,51.23543,22.24551
755475,Włochy,Wlochy,P,PPL,36276,78,1465,52.17941,20.94612
756634,Tuchów,Tuchow,P,PPLA3,6680,77,1216,49.89485,21.05407
756736,Trzciana,Trzciana,P,PPL,1462,77,1201,49.84485,20.37415
757758,Supraśl,Suprasl,P,PPLA3,4526,81,2002,53.20526,23.33934
758704,Sobków,Sobkow,P,PPLA3,870,84,2602,50.69999,20.45062
759680,Sadowie,Sadowie,P,PPLA3,600,84,2606,50.85261,21.36884
759802,Rząśnik,Rzasnik,P,PPL,1600,78,1435,52.71332,21.36772
760055,Rudnik nad Sanem,Rudnik nad Sanem,P,PPLA3,6770,80,1812,50.44152,22.24856
760343,Ropczyce,Ropczyce,P,PPLA2,15279,80,1815,50.05229,21.60891
760445,Rogów,Rogow,P,PPL,1300,84,2605,51.20414,20.43483
761561,Pomiechówek,Pomiechowek,P,PPLA3,936,78,1414,52.47138,20.72923
763263,Olesno,Olesno,P,PPLA3,1708,77,1204,50.20152,20.92578
764125,Narew,Narew,P,PPL,1400,81,2005,52.91418,23.51984
764226,Mysiadło,Mysiadlo,P,PPL,3000,78,1418,52.10216,21.01856
764664,Mirów,Mirow,P,PPLA3,0,78,1430,51.1972,21.0329
764966,Michałów,Michalow,P,PPL,1224,75,0620,50.73727,23.02297
765600,Maciejowice,Maciejowice,P,PPLA3,2000,78,1403,51.69222,21.55342
765984,Łopuszka Wielka,Lopuszka Wielka,P,PPL,1621,80,1814,49.93454,22.39305
767150,Księżomierz,Ksiezomierz,P,PPL,1153,75,0607,50.90855,21.98965
767310,Krzeczowice,Krzeczowice,P,PPL,1023,80,1814,49.9892,22.46378
767311,Krzeczów,Krzeczow,P,PPL,1454,77,1201,49.98876,20.48779
767608,Krasnosielc,Krasnosielc,P,PPLA3,1300,78,1411,53.03378,21.15735
768905,Kobyłka,Kobylka,P,PPLA3,17659,78,1434,52.33953,21.19589
769046,Kłoczew,Kloczew,P,PPLA3,886,75,0616,51.72134,21.96493
769600,Kampinos,Kampinos,P,PPLA3,723,78,1432,52.26837,20.46307
769640,Kamionka,Kamionka,P,PPLA3,1800,75,0608,51.47165,22.46275
770005,Józefów,Jozefow,P,PPLA3,2418,75,0602,50.48119,23.05404
770473,Janów,Janow,P,PPLA3,0,81,2011,53.46747,23.23052
771566,Grabownica Starzeńska,Grabownica Starzenska,P,PPL,3000,80,1802,49.65896,22.07754
772220,Gierzwałd,Gierzwald,P,PPLA3,638,85,2815,53.54128,20.08867
772857,Dukla,Dukla,P,PPLA3,2126,80,1807,49.55554,21.68317
772873,Duczki,Duczki,P,PPL,2500,78,1434,52.36271,21.29047
773078,Dołhobyczów,Dolhobyczow,P,PPL,1491,75,0604,50.58591,24.03594
773250,Długie,Dlugie,P,PPL,2600,80,1817,49.57866,22.04338
773357,Dęblin,Deblin,P,PPLA3,17775,75,0616,51.55912,21.84829
774304,Chrzanów,Chrzanow,P,PPLA3,3506,75,0605,50.77256,22.60351
775318,Brody,Brody,P,PPLA3,1737,84,2611,51.02466,21.22147
3080102,Złocieniec,Zlocieniec,P,PPLA3,13337,87,3203,53.53286,16.01132
3080369,Zebrzydowice,Zebrzydowice,P,PPL,5046,83,2403,49.87793,18.61127
3080757,Zalewo,Zalewo,P,PPLA3,2112,85,2807,53.84534,19.60519
3081384,Wróblew,Wroblew,P,PPLA3,340,74,1014,51.61215,18.61487
3082110,Wierzchowo,Wierzchowo,P,PPL,1541,87,3203,53.46013,16.09961
3082500,Węgliniec,Wegliniec,P,PPLA3,2992,72,0225,51.28753,15.22894
3083201,Truskolasy,Truskolasy,P,PPL,2044,83,2406,50.86692,18.82705
3083440,Tarnowskie Góry,Tarnowskie Gory,P,PPLA2,60938,83,2413,50.44548,18.86147
3084213,Borne Sulinowo,Borne Sulinowo,P,PPLA3,4349,87,3215,53.57661,16.53395
3084259,Suchy Dąb,Suchy Dab,P,PPLA3,832,82,2204,54.20809,18.76731
3085479,Słupia pod Kępnem,Slupia pod Kepnem,P,PPL,1436,86,3008,51.23924,18.04255
3085709,Skrwilno,Skrwilno,P,PPLA3,1624,73,0412,53.01607,19.62364
3086054,Siedlisko,Siedlisko,P,PPLA3,1800,76,0804,51.76864,15.81396
3086110,Sidzina,Sidzina,P,PPLX,2000,77,1261,49.98732,19.87495
3086399,Rzgów Pierwszy,Rzgow Pierwszy,P,PPLA3,627,86,3010,52.15134,18.04976
3086544,Rychtal,Rychtal,P,PPLA3,1300,86,3008,51.14533,17.85132
3086759,Rudnik,Rudnik,P,PPLA3,916,83,2411,50.12729,18.18598
3087195,Resko,Resko,P,PPL,4354,87,3218,53.77307,15.40607
3087316,Ratowice,Ratowice,P,PPL,1100,72,0223,51.03308,17.27205
3087440,Radzanowo,Radzanowo,P,PPLA3,1186,78,1419,52.57306,19.89109
3087485,Radostowice,Radostowice,P,PPL,1559,83,2410,50.00311,18.88103
3088972,Piotrków Trybunalski,Piotrkow Trybunalski,P,PPLA2,80128,74,1062,51.40547,19.70321
3089372,Pątnów,Patnow,P,PPL,1400,74,1017,51.14403,18.61659
3089832,Ośno Lubuskie,Osno Lubuskie,P,PPLA3,3730,76,0805,52.4536,14.87549
3089892,Osiek Mały,Osiek Maly,P,PPLA3,630,86,3009,52.2763,18.60234
3090552,Nowogródek Pomorski,Nowogrodek Pomorski,P,PPLA3,450,87,3210,52.91149,15.02947
3090768,Nowa Ruda,Nowa Ruda,P,PPL,24753,72,0208,50.58008,16.50164
3091763,Miłomłyn,Milomlyn,P,PPLA3,2336,85,2815,53.76449,19.838
3093282,Lipnica Wielka,Lipnica Wielka,P,PPLA3,4100,77,1211,49.47404,19.63883
3093478,Łęczyce,Leczyce,P,PPL,1524,82,2215,54.59405,17.85931
3093500,Lewin Kłodzki,Lewin Klodzki,P,PPL,1200,72,0208,50.40559,16.29101
3093791,Łaziska,Laziska,P,PPL,1689,83,2415,49.9357,18.44707
3094164,Kuźnia Raciborska,Kuznia Raciborska,P,PPLA3,5472,83,2411,50.20058,18.31146
3094189,Kurzętnik,Kurzetnik,P,PPL,3065,85,2812,53.39858,19.57858
3094457,Krzymów,Krzymow,P,PPLA3,0,86,3010,52.1896,18.4311
3094639,Krośnice,Krosnice,P,PPL,1800,72,0213,51.47641,17.35917
3095110,Koszęcin,Koszecin,P,PPL,4471,83,2407,50.63411,18.8413
3096106,Klikuszowa,Klikuszowa,P,PPL,1470,77,1211,49.5193,19.9849
3096200,Kiszkowo,Kiszkowo,P,PPLA3,1893,86,3003,52.58871,17.2663
3096240,Kietrz,Kietrz,P,PPLA3,6306,79,1602,50.08042,18.00432
3097869,Inwałd,Inwald,P,PPL,3254,77,1218,49.86355,19.39276
3097886,Imielin,Imielin,P,PPLA3,8057,83,2414,50.14534,19.18599
3098686,Gościcino,Goscicino,P,PPL,5278,82,2215,54.60459,18.15491
3099048,Gogolin,Gogolin,P,PPLA3,6077,79,1605,50.49222,18.01994
3099174,Głubczyce,Glubczyce,P,PPLA2,13697,79,1602,50.20086,17.82858
3099993,Duszniki,Duszniki,P,PPLA3,2100,86,3024,52.44691,16.40602
756485,Tyczyn,Tyczyn,P,PPLA3,3393,80,1816,49.96384,22.03398
757182,Szydłów,Szydlow,P,PPLA3,1097,84,2612,50.59114,21.0068
757774,Sułów,Sulow,P,PPLA3,460,75,0620,50.77099,22.95593
758103,Strachówka,Strachowka,P,PPLA3,390,78,1434,52.42692,21.635
758276,Stary Zamość,Stary Zamosc,P,PPLA3,637,75,0620,50.82004,23.17154
758415,Stanisławów Pierwszy,Stanislawow Pierwszy,P,PPL,1176,78,1408,52.37485,21.05184
758646,Sokolniki,Sokolniki,P,PPL,1965,80,1820,50.63803,21.80649
760909,Purda,Purda,P,PPL,1140,85,2814,53.70844,20.70683
760951,Puchaczów,Puchaczow,P,PPLA3,817,75,0610,51.3105,22.9737
762619,Parysów,Parysow,P,PPLA3,1100,78,1403,51.97584,21.68006
762684,Pantalowice,Pantalowice,P,PPL,1242,80,1814,49.9521,22.43563
762851,Ostrów Lubelski,Ostrow Lubelski,P,PPLA3,2206,75,0608,51.49416,22.85287
763069,Orły,Orly,P,PPLA3,1000,80,1813,49.87107,22.80298
763451,Obsza,Obsza,P,PPLA3,861,75,0602,50.3152,22.95688
764606,Młodzieszyn,Mlodzieszyn,P,PPL,1287,78,1428,52.29945,20.20017
764862,Międzyrzec Podlaski,Miedzyrzec Podlaski,P,PPLA3,17158,75,0601,51.9864,22.78248
764947,Michałowice,Michalowice,P,PPLA3,2699,78,1421,52.17435,20.88089
766642,Łaziska,Laziska,P,PPLA3,519,75,0612,51.14226,21.87919
767020,Kunów,Kunow,P,PPLA3,3078,84,2607,50.96156,21.28058
768136,Korczyna,Korczyna,P,PPLA3,6100,80,1807,49.71555,21.80941
769250,Kielce,Kielce,P,PPLA,208598,84,2661,50.87033,20.62752
769591,Kańczuga,Kanczuga,P,PPLA3,3186,80,1814,49.98346,22.41168
770762,Iwkowa,Iwkowa,P,PPLA3,2699,77,1202,49.81716,20.59018
772366,Garbów,Garbow,P,PPLA3,2060,75,0609,51.35517,22.32937
772528,Filipów,Filipow,P,PPL,2234,81,2012,54.18037,22.62076
772748,Działdowo,Dzialdowo,P,PPLA3,21127,85,2803,53.23958,20.17004
775976,Bieniewice,Bieniewice,P,PPL,1129,78,1432,52.18268,20.56306
776092,Białowieża,Bialowieza,P,PPLA3,2670,81,2005,52.7,23.86667
776403,Baranów Sandomierski,Baranow Sandomierski,P,PPLA3,1426,80,1820,50.49912,21.54204
3080004,Żory,Zory,P,PPLA2,63174,83,2479,50.04523,18.70062
3080302,Żelistrzewo,Zelistrzewo,P,PPL,2340,82,2211,54.6777,18.41738
3080590,Zator,Zator,P,PPLA3,4779,77,1213,49.99604,19.43799
3080705,Zaniemyśl,Zaniemysl,P,PPLA3,2200,86,3025,52.15561,17.16228
3081419,Wolsztyn,Wolsztyn,P,PPLA2,13689,86,3029,52.11552,16.11712
3081471,Wolin,Wolin,P,PPLA3,12438,87,3207,53.84214,14.61465
3082044,Wijewo,Wijewo,P,PPLA3,1200,86,3013,51.91627,16.18552
3082101,Wierzchucino,Wierzchucino,P,PPL,1536,82,2211,54.78797,18.00307
3082933,Tworków,Tworkow,P,PPL,2800,83,2411,50.00559,18.23576
3082940,Twardawa,Twardawa,P,PPL,1029,79,1610,50.34349,17.99097
3083103,Trzebnica,Trzebnica,P,PPL,12212,72,0220,51.31076,17.06331
3083426,Tczew,Tczew,P,PPLA2,60133,82,2214,54.09242,18.77787
3083826,Szczecinek,Szczecinek,P,PPLA3,38496,87,3215,53.70791,16.69937
3084237,Sulęcin,Sulecin,P,PPLA2,10090,77,,52.44429,15.11676
3085056,Śrem,Srem,P,PPLA2,30404,86,3026,52.08868,17.01508
3085130,Sosnowice,Sosnowice,P,PPL,1087,77,1218,49.93995,19.71514
3085622,Sławięcice,Slawiecice,P,PPLX,2770,79,1603,50.37207,18.32176
3085761,Skorogoszcz,Skorogoszcz,P,PPL,1200,79,1601,50.75916,17.68198
3085781,Skoki,Skoki,P,PPLA3,3972,86,3028,52.67222,17.16107
3085867,Skała,Skala,P,PPLA3,3635,77,1206,50.23052,19.85363
3086253,Sarnów,Sarnow,P,PPL,1791,83,2401,50.3738,19.15061
3086379,Sączów,Saczow,P,PPL,1406,83,2401,50.4352,19.03038
3086536,Ryczów,Ryczow,P,PPL,2605,77,1218,49.98103,19.55017
3086861,Rozprza,Rozprza,P,PPLA3,1646,74,1010,51.30266,19.6457
3087097,Rogowo,Rogowo,P,PPLA3,2127,73,0419,52.72449,17.65117
3087576,Racławice,Raclawice,P,PPL,1540,77,1206,50.19344,19.67686
3087708,Pszczółki,Pszczolki,P,PPL,4053,82,2204,54.17304,18.69787
3088290,Porąbka,Porabka,P,PPLA3,3852,83,2402,49.81716,19.21835
3089019,Pilchowice,Pilchowice,P,PPL,2919,83,2405,50.21668,18.56132
3089093,Pierściec,Piersciec,P,PPL,2111,83,2403,49.83339,18.81409
3089310,Pcim,Pcim,P,PPLA3,4900,77,1209,49.75166,19.97108
3089375,Paszowice,Paszowice,P,PPL,1429,72,0205,51.01078,16.15273
3089541,Pakosławice,Pakoslawice,P,PPLA3,500,79,1607,50.54474,17.36578
3089882,Osielec,Osielec,P,PPL,3000,77,1215,49.68079,19.78243
3090127,Olszanka,Olszanka,P,PPLA3,447,79,1601,50.79514,17.4789
3090528,Nowy Duninów,Nowy Duninow,P,PPLA3,873,78,1419,52.58271,19.47996
3091095,Nędza,Nedza,P,PPLA3,3344,83,2411,50.16112,18.31103
3092000,Miedzichowo,Miedzichowo,P,PPLA3,471,86,3015,52.37581,15.95876
3092657,Lutomiersk,Lutomiersk,P,PPLA3,1500,74,1008,51.75376,19.21097
3092806,Lubsza,Lubsza,P,PPLA3,1375,79,1601,50.91591,17.52173
3093458,Libertów,Libertow,P,PPL,1952,77,1206,49.97242,19.89461
3093628,Leńcze,Lencze,P,PPL,1408,77,1218,49.89895,19.73539
3093911,Lasek,Lasek,P,PPL,1086,77,1211,49.50883,19.98078
3094802,Kraków,Krakow,P,PPLA,755050,77,1261,50.06143,19.93658
3096437,Kawęczyn,Kaweczyn,P,PPLA3,417,86,3027,51.90923,18.53102
3096847,Kamesznica,Kamesznica,P,PPL,2806,83,2417,49.56469,19.0212
3097896,Iłowa,Ilowa,P,PPL,3892,76,0810,51.5006,15.1998
3098033,Hażlach,Hazlach,P,PPL,2175,83,2403,49.80714,18.65178
3098938,Gołkowice,Golkowice,P,PPL,3582,83,2415,49.91418,18.51419
3100171,Dopiewo,Dopiewo,P,PPLA3,2848,86,3021,52.35726,16.67562
3100403,Dmosin,Dmosin,P,PPLA3,1500,74,1021,51.92437,19.75934
3100694,Dalachów,Dalachow,P,PPL,1295,79,1608,51.07732,18.5784
3101294,Cisek,Cisek,P,PPLA3,1485,79,1603,50.28232,18.19988
3101587,Chrościna,Chroscina,P,PPL,1585,79,1609,50.66578,17.81759
3102598,Brójce,Brojce,P,PPL,1050,76,0803,52.31745,15.67414
3102969,Bolków,Bolkow,P,PPLA3,5304,72,0205,50.92203,16.10111
6640020,Grzybowo,Grzybowo,P,PPL,1347,87,3208,54.15892,15.48557
7535732,Czarna Dąbrówka,Czarna Dabrowka,P,PPLA3,1112,82,2201,54.35631,17.56456
12047629,Grabiszynek,Grabiszynek,P,PPLX,11145,72,0264,51.08703,16.98629
12047640,Zgorzelisko,Zgorzelisko,P,PPLX,11967,72,0264,51.13833,17.13365
12047660,Księże Małe-Księże Wielkie,Ksieze Male-Ksieze Wielkie,P,PPLX,5541,72,0264,51.07293,17.08881
3100637,Darłowo,Darlowo,P,PPL,14398,87,3213,54.42095,16.4107
3101006,Czerniejewo,Czerniejewo,P,PPLA3,2612,86,3003,52.4264,17.48925
3101879,Cerkwica,Cerkwica,P,PPL,1261,87,3205,54.00777,15.10903
3102597,Brojce,Brojce,P,PPLA3,1248,87,3205,53.95705,15.35975
3102652,Brenna,Brenna,P,PPLA3,5859,83,2403,49.72576,18.90249
3102992,Bolesław,Boleslaw,P,PPLA3,2500,77,1212,50.29729,19.48073
3103004,Bojszowy,Bojszowy,P,PPLA3,3219,83,2414,50.0578,19.10145
3103015,Bojano,Bojano,P,PPL,2100,82,2215,54.47123,18.38408
3103644,Biała,Biala,P,PPLA3,2605,79,1610,50.38587,17.66035
3104116,Andrespol,Andrespol,P,PPLA3,3773,74,1006,51.72783,19.64175
7535721,Broniszewice,Broniszewice,P,PPL,1102,86,3020,51.96696,17.81648
7535972,Wilczyce,Wilczyce,P,PPL,2000,72,0223,51.12944,17.15472
12047611,Widawa-Lipa Piotrowska-Polanowice,Widawa-Lipa Piotrowska-Polanowice,P,PPLX,3982,72,0264,51.17093,17.02164
754451,Wyszogród,Wyszogrod,P,PPLA3,2779,78,1419,52.38988,20.19081
755327,Wola Batorska,Wola Batorska,P,PPL,2520,77,1219,50.05262,20.26617
755551,Wisznice,Wisznice,P,PPL,1559,75,0601,51.78924,23.20836
756258,Wąchock,Wachock,P,PPLA3,2747,84,2611,51.07391,21.01243
756474,Tymbark,Tymbark,P,PPL,2700,77,1207,49.72859,20.32539
756825,Trąbki,Trabki,P,PPL,2141,78,1403,51.94792,21.59929
757065,Targówek,Targowek,P,PPL,124279,78,1465,52.29185,21.04845
758278,Stary Wiśnicz,Stary Wisnicz,P,PPL,1705,77,1201,49.92548,20.48641
758470,Śródmieście,Srodmiescie,P,PPL,134306,78,1465,52.22904,21.01644
758517,Spiczyn,Spiczyn,P,PPLA3,697,75,0610,51.34128,22.75354
760528,Regimin,Regimin,P,PPLA3,523,78,1402,52.94166,20.55319
761978,Pniewy,Pniewy,P,PPLA3,0,78,1406,51.91468,20.74578
762118,Piszczac,Piszczac,P,PPLA3,3087,75,0601,51.98118,23.37719
763113,Opinogóra Górna,Opinogora Gorna,P,PPLA3,630,78,1402,52.90554,20.71781
764751,Milanów,Milanow,P,PPLA3,1105,75,0613,51.70374,22.8883
764752,Miłakowo,Milakowo,P,PPLA3,2691,85,2815,54.00923,20.07125
765981,Łopuszno,Lopuszno,P,PPLA3,1279,84,2604,50.94864,20.25081
766757,Łaskarzew,Laskarzew,P,PPLA3,4893,78,1403,51.78993,21.59122
766793,Łapczyca,Lapczyca,P,PPL,1918,77,1201,49.95994,20.38445
767479,Krościenko Wyżne,Kroscienko Wyzne,P,PPLA3,3700,80,1807,49.67946,21.82898
767982,Kostomłoty Pierwsze,Kostomloty Pierwsze,P,PPLX,1571,84,2604,50.92322,20.5949
768216,Konstancin-Jeziorna,Konstancin-Jeziorna,P,PPLA3,16548,78,1418,52.0938,21.11761
768315,Komorów,Komorow,P,PPL,5136,78,1421,52.1456,20.81566
769443,Kasina Wielka,Kasina Wielka,P,PPL,2800,77,1207,49.72969,20.13554
769539,Karczew,Karczew,P,PPLA3,10319,78,1417,52.07655,21.24962
769738,Kałuszyn,Kaluszyn,P,PPLA3,2955,78,1412,52.20669,21.80838
770271,Jastrzębia,Jastrzebia,P,PPL,1557,77,1216,49.79733,20.88089
770346,Jasienica Rosielna,Jasienica Rosielna,P,PPLA3,2100,80,1802,49.75144,21.94176
770662,Jadów,Jadow,P,PPL,1200,78,1434,52.47849,21.63199
771506,Grajewo,Grajewo,P,PPLA2,22803,81,2004,53.64728,22.45537
771803,Gorliczyna,Gorliczyna,P,PPL,1897,80,1814,50.09217,22.48764
771870,Góra Kalwaria,Gora Kalwaria,P,PPLA3,10777,78,1418,51.97653,21.21537
772236,Gielniów,Gielniow,P,PPLA3,1100,78,1423,51.40076,20.48126
772248,Giedlarowa,Giedlarowa,P,PPL,4096,80,1808,50.22689,22.40593
772959,Drohiczyn,Drohiczyn,P,PPLA3,2075,81,2010,52.40011,22.65853
773326,Dębowa Kłoda,Debowa Kloda,P,PPLA3,474,75,0613,51.59446,23.0064
773676,Czyżew,Czyzew,P,PPLA3,2670,81,2013,52.79768,22.31237
775533,Borkowice,Borkowice,P,PPLA3,658,78,1423,51.32025,20.68339
775594,Borek,Borek,P,PPL,1200,77,1201,50.01778,20.53087
775888,Biszcza,Biszcza,P,PPLA3,1901,75,0602,50.40146,22.65063
776257,Belsk Duży,Belsk Duzy,P,PPLA3,0,78,1406,51.82561,20.80847
776440,Baniocha,Baniocha,P,PPL,4000,78,1418,52.01653,21.13984
776441,Banie Mazurskie,Banie Mazurskie,P,PPL,1500,85,2818,54.24662,22.03617
776780,Adamówka,Adamowka,P,PPLA3,1205,80,1814,50.25857,22.69595
3080061,Złoty Stok,Zloty Stok,P,PPL,2758,72,0224,50.44472,16.87586
3080111,Zławieś Wielka,Zlawies Wielka,P,PPLA3,682,73,0415,53.09562,18.32897
3081026,Zabór,Zabor,P,PPLA3,950,76,0809,51.95194,15.71676
3081045,Zabłocie,Zablocie,P,PPL,1316,83,2403,49.90282,18.78147
3081206,Wymiarki,Wymiarki,P,PPL,1300,76,0810,51.51109,15.08208
3081583,Wola Filipowska,Wola Filipowska,P,PPL,2751,77,1206,50.13433,19.58013
3082197,Wieluń,Wielun,P,PPL,21892,74,1017,51.22097,18.56964
3082390,Widawa,Widawa,P,PPLA3,1300,74,1003,51.43855,18.94421
3083039,Tuchomie,Tuchomie,P,PPLA3,1365,82,2201,54.11522,17.33634
3083365,Tłuchowo,Tluchowo,P,PPLA3,1159,73,0408,52.74715,19.46563
3084234,Sulęczyno,Suleczyno,P,PPL,1500,82,2205,54.23302,17.7733
3084449,Strzałkowo,Strzalkowo,P,PPLA3,5140,86,3023,52.30701,17.81811
3085766,Skórcz,Skorcz,P,PPL,3564,82,2213,53.79436,18.52561
3085772,Skomielna Czarna,Skomielna Czarna,P,PPL,1400,77,1209,49.72709,19.83633
3086435,Rzepin,Rzepin,P,PPLA3,6488,76,0805,52.3464,14.83227
3087285,Ręczno,Reczno,P,PPLA3,690,74,1010,51.19026,19.85375
3087307,Rawicz,Rawicz,P,PPLA2,21380,86,3022,51.60946,16.85852
3087603,Rąbino,Rabino,P,PPL,1100,87,3216,53.8663,15.94485
3088017,Przechlewo,Przechlewo,P,PPL,2826,82,2203,53.79847,17.25205
3088220,Potęgowo,Potegowo,P,PPLA3,1416,82,2212,54.48285,17.4862
3089033,Piła,Pila,P,PPLA2,75532,86,3019,53.15145,16.73782
3089941,Osięciny,Osieciny,P,PPLA3,2845,73,0411,52.62926,18.72208
3090130,Olszanica,Olszanica,P,PPL,1118,72,0226,51.20672,15.8004
3090170,Oleśnica,Olesnica,P,PPL,36956,72,0214,51.21338,17.38986
3090436,Nysa,Nysa,P,PPLA2,47283,79,1607,50.47379,17.33437
3090597,Nowe Skalmierzyce,Nowe Skalmierzyce,P,PPLA3,4961,86,3017,51.71038,17.99337
3091150,Nakło nad Notecią,Naklo nad Notecia,P,PPLA3,19565,73,0410,53.14214,17.60181
3091293,Murowana Goślina,Murowana Goslina,P,PPLA3,9989,86,3021,52.57463,17.00933
3092517,Maków Podhalański,Makow Podhalanski,P,PPLA3,5746,77,1215,49.73008,19.67711
3092895,Łubnice,Lubnice,P,PPLA3,1100,74,1018,51.16406,18.29069
3092931,Lubin,Lubin,P,PPLA2,77532,72,0211,51.40089,16.20149
3093446,Licheń Stary,Lichen Stary,P,PPLX,1100,86,3010,52.31226,18.35515
3093577,Leśnica,Lesnica,P,PPLA3,2897,79,1611,50.43083,18.18684
3093664,Łękawica,Lekawica,P,PPL,2169,83,2417,49.72209,19.26496
3094258,Kunice Żarskie,Kunice Zarskie,P,PPLX,3000,76,0811,51.59944,15.16495
3094423,Krzywiń,Krzywin,P,PPL,1630,86,3011,51.96296,16.81985
3095277,Konstantynów Łódzki,Konstantynow Lodzki,P,PPL,17415,74,1008,51.74776,19.32564
3095827,Kołczygłowy,Kolczyglowy,P,PPL,1233,82,2201,54.23895,17.23154
3095958,Kobiór,Kobior,P,PPLA3,4702,83,2410,50.06089,18.93468
3096162,Klecza Dolna,Klecza Dolna,P,PPL,2188,77,1218,49.88291,19.53764
3096165,Kłecko,Klecko,P,PPLA3,2648,86,3003,52.63181,17.43075
3096444,Kąty Wrocławskie,Katy Wroclawskie,P,PPLA3,5418,72,0223,51.03098,16.76767
3096494,Kaszów,Kaszow,P,PPL,1956,77,1206,50.03884,19.71934
3096796,Kamieniec Wrocławski,Kamieniec Wroclawski,P,PPL,1970,72,0223,51.07182,17.18193
3097177,Jeziora Wielkie,Jeziora Wielkie,P,PPLA3,560,73,0409,52.53043,18.26803
3097333,Jaworzno,Jaworzno,P,PPLA2,96541,83,2468,50.20528,19.27498
3099209,Głogówek,Glogowek,P,PPLA3,5755,79,1610,50.35355,17.86405
3099783,Dziwnów,Dziwnow,P,PPLA3,2904,87,3207,54.02819,14.76691
3102181,Budziszewice,Budziszewice,P,PPLA3,880,74,1016,51.66739,19.93581
3102447,Brześć Kujawski,Brzesc Kujawski,P,PPLA3,4522,73,0418,52.60532,18.90173
3102673,Brąszewice,Braszewice,P,PPLA3,1100,74,1014,51.49902,18.44982
3103001,Bojszowy Nowe,Bojszowy Nowe,P,PPL,1192,83,2414,50.05284,19.05012
3103173,Bobowo,Bobowo,P,PPL,1271,82,2213,53.88378,18.55681
3103411,Bielsk,Bielsk,P,PPLA3,2600,78,1419,52.6718,19.805
3103736,Bedlno,Bedlno,P,PPLA3,640,74,1002,52.20829,19.57592
3104115,Andrychów,Andrychow,P,PPLA3,21954,77,1218,49.85497,19.33834
7303641,Jelcz Laskowice,Jelcz Laskowice,P,PPL,15340,72,0215,51.02134,17.31649
7535495,Chotcza,Chotcza,P,PPLA3,270,78,1409,51.24043,21.77662
7576141,Rokiciny-Kolonia,Rokiciny-Kolonia,P,PPL,1300,74,1016,51.66468,19.78312
756629,Tuczępy,Tuczepy,P,PPLA3,575,84,2601,50.51676,20.99187
756938,Terespol,Terespol,P,PPLA3,6000,75,0601,52.0755,23.61614
757033,Tarnobrzeg,Tarnobrzeg,P,PPLA2,50459,80,1864,50.57304,21.67937
757357,Szczytno,Szczytno,P,PPLA3,26044,85,2817,53.56259,20.98747
757912,Stupsk,Stupsk,P,PPLA3,783,78,1413,53.02258,20.4368
758633,Sokołów Małopolski,Sokolow Malopolski,P,PPLA3,3975,80,1816,50.22909,22.11968
759007,Skrzyszów,Skrzyszow,P,PPLA3,3656,77,1216,49.99373,21.06139
759151,Skaryszew,Skaryszew,P,PPLA3,4135,78,1425,51.31075,21.25233
759190,Sitno,Sitno,P,PPLA3,703,75,0620,50.74944,23.3626
759301,Sieniawa,Sieniawa,P,PPLA3,2182,80,1814,50.1779,22.60954
761258,Proszowice,Proszowice,P,PPLA2,6146,77,1214,50.19275,20.28909
761477,Porąbka Uszewska,Porabka Uszewska,P,PPL,1255,77,1202,49.9426,20.69052
763014,Osieck,Osieck,P,PPLA3,954,78,1417,51.96653,21.41913
764531,Modliborzyce,Modliborzyce,P,PPLA3,1904,75,0605,50.75416,22.32945
765120,Masłów,Maslow,P,PPLA3,1528,84,2604,50.90065,20.72322
765639,Jeziorzany,Jeziorzany,P,PPLA3,780,75,0608,51.60245,22.27667
765932,Lubaczów,Lubaczow,P,PPLA2,12595,80,1809,50.157,23.12339
766073,Łochów,Lochow,P,PPLA3,6486,78,1433,52.53076,21.68158
766191,Lipinki,Lipinki,P,PPL,2157,77,1205,49.67296,21.29288
766522,Łęki Górne,Leki Gorne,P,PPL,1700,80,1803,49.97386,21.17426
767627,Kraśniczyn,Krasniczyn,P,PPLA3,447,75,0606,50.93171,23.34929
767883,Kowale Oleckie,Kowale Oleckie,P,PPL,2209,85,2813,54.16354,22.41666
770078,Jeziorany,Jeziorany,P,PPLA3,3382,85,2814,53.97578,20.74639
770647,Jagiełła,Jagiella,P,PPL,1114,80,1814,50.0946,22.57261
771192,Guzów,Guzow,P,PPL,1108,78,1438,52.11626,20.33672
771735,Gorzków,Gorzkow,P,PPLA3,264,75,0606,50.94778,23.01267
771804,Gorlice,Gorlice,P,PPL,28609,77,1205,49.65563,21.16035
772066,Głuchów,Gluchow,P,PPLA3,1000,74,1015,51.77947,20.07666
773833,Czaszyn,Czaszyn,P,PPL,1433,80,1817,49.44854,22.2165
773965,Czarna,Czarna,P,PPLA3,1600,80,1810,50.10979,22.18165
774535,Chlewiska,Chlewiska,P,PPLA3,1089,78,1430,51.24376,20.76871
775183,Brzesko,Brzesko,P,PPLA2,16866,77,1202,49.96911,20.60606
775304,Brok,Brok,P,PPL,1896,78,1416,52.69948,21.85704
775672,Bojanów,Bojanow,P,PPLA3,1200,80,1818,50.42531,21.95111
775810,Stara Błotnica,Stara Blotnica,P,PPLA3,272,78,1401,51.54676,20.97479
3079969,Żukowo,Zukowo,P,PPL,6494,82,2205,54.3422,18.36476
3080226,Ziębice,Ziebice,P,PPLA3,9328,72,0224,50.60122,17.04065
3080442,Zbytków,Zbytkow,P,PPL,1236,83,2403,49.92288,18.72697
3080473,Zbójno,Zbojno,P,PPLA3,841,73,0405,53.00848,19.1575
3080944,Żagań,Zagan,P,PPL,26251,76,0810,51.61759,15.31486
3081701,Włoszakowice,Wloszakowice,P,PPLA3,3159,86,3013,51.92754,16.36456
3082144,Wierzbno,Wierzbno,P,PPL,1047,72,0215,50.93674,17.17961
3082287,Wielka Nieszawka,Wielka Nieszawka,P,PPLA3,460,73,0415,52.99619,18.50973
3082611,Warlubie,Warlubie,P,PPL,2043,73,0414,53.58751,18.63444
3082718,Waganiec,Waganiec,P,PPL,1300,73,0401,52.8012,18.87589
3082931,Tworóg,Tworog,P,PPLA3,3607,83,2413,50.531,18.71572
3083133,Trzebielino,Trzebielino,P,PPLA3,744,82,2201,54.19996,17.08726
3083169,Trzcinica,Trzcinica,P,PPLA3,1158,86,3008,51.16707,18.00453
3084093,Świdnica,Swidnica,P,PPLA2,60351,72,0219,50.84378,16.48859
3084312,Subkowy,Subkowy,P,PPL,1941,82,2214,54.00227,18.76928
3084673,Stegna,Stegna,P,PPLA3,1978,82,2210,54.32684,19.11252
3084912,Starcza,Starcza,P,PPL,1232,83,2404,50.66421,19.0418
3085158,Sompolno,Sompolno,P,PPLA3,3610,86,3010,52.38832,18.50282
3085360,Smołdzino,Smoldzino,P,PPLA3,984,82,2212,54.66318,17.21369
3085786,Skoczów,Skoczow,P,PPLA3,14810,83,2403,49.80089,18.7877
3086288,Sanniki,Sanniki,P,PPLA3,2000,78,1404,52.33046,19.86766
3086565,Rycerka Górna,Rycerka Gorna,P,PPL,1602,83,2417,49.44436,19.01596
3087628,Pyskowice,Pyskowice,P,PPLA3,19018,83,2405,50.4,18.63333
3087975,Przeginia,Przeginia,P,PPL,2093,77,1206,50.23831,19.68853
3088067,Pruchna,Pruchna,P,PPL,2446,83,2403,49.86527,18.68191
3088324,Popielów,Popielow,P,PPL,2400,79,1609,50.82632,17.74378
3088418,Polska Cerekiew,Polska Cerekiew,P,PPLA3,1429,79,1603,50.22827,18.12675
3089282,Pelplin,Pelplin,P,PPL,8320,82,2214,53.92834,18.6977
3089301,Pecna,Pecna,P,PPL,1825,86,3021,52.18333,16.8
3089461,Parchowo,Parchowo,P,PPLA3,1019,82,2201,54.20658,17.66816
3089553,Pajęczno,Pajeczno,P,PPLA3,6731,74,1009,51.14449,18.99612
3089582,Ozorków,Ozorkow,P,PPLA3,20608,74,1020,51.96336,19.29139
3090285,Ogrodzieniec,Ogrodzieniec,P,PPL,4467,83,2416,50.45177,19.51987
3090660,Nowe,Nowe,P,PPL,6104,73,0414,53.64906,18.72716
3091874,Mieścisko,Miescisko,P,PPL,2500,86,3028,52.74357,17.33213
3092461,Malec,Malec,P,PPL,1239,77,1213,49.92106,19.2453
3092856,Luboń,Lubon,P,PPLA3,26431,86,3021,52.34705,16.89267
3092867,Lubomia,Lubomia,P,PPLA3,3779,83,2415,50.03972,18.3082
3092950,Lubień Kujawski,Lubien Kujawski,P,PPLA3,1293,73,0418,52.40574,19.1644
3093592,Leśna,Lesna,P,PPL,2093,83,2417,49.67041,19.12763
3093675,Łęka Opatowska,Leka Opatowska,P,PPLA3,727,86,3008,51.21231,18.1071
3093681,Łęgowo,Legowo,P,PPL,2850,82,2204,54.22641,18.64277
3094045,Lachowice,Lachowice,P,PPL,2121,77,1215,49.71555,19.47455
3094260,Kunice,Kunice,P,PPL,1100,72,0209,51.22231,16.24809
3094871,Koźle,Kozle,P,PPLX,14780,79,1603,50.3356,18.14332
3095797,Koło,Kolo,P,PPLA2,23493,86,3009,52.20024,18.63865
3096048,Kłomnice,Klomnice,P,PPLA3,2802,83,2404,50.92165,19.35679
3096078,Kłodawa,Klodawa,P,PPLA3,1762,76,0801,52.78595,15.21452
3096130,Kleszczewo,Kleszczewo,P,PPLA3,580,86,3021,52.33377,17.17163
3096795,Kamieniec Ząbkowicki,Kamieniec Zabkowicki,P,PPL,4200,72,0224,50.52541,16.87921
3096986,Wielki Kack,Wielki Kack,P,PPL,10012,82,2262,54.46754,18.4881
3097813,Jabłonna,Jablonna,P,PPL,1001,86,3005,52.20598,16.20741
3098626,Gostyń,Gostyn,P,PPL,3276,83,2408,50.10528,18.88241
3098665,Gościno,Goscino,P,PPLA3,2636,87,3208,54.05123,15.65256
3098925,Golub-Dobrzyń,Golub-Dobrzyn,P,PPLA3,12937,73,0405,53.11087,19.05381
3099120,Gniewkowo,Gniewkowo,P,PPLA3,7224,73,0407,52.89461,18.40785
3099878,Dziemiany,Dziemiany,P,PPL,1762,82,2206,54.00636,17.76755
3100429,Długomiłowice,Dlugomilowice,P,PPL,1600,79,1603,50.28298,18.14873
3101220,Czaniec,Czaniec,P,PPL,5536,83,2402,49.85071,19.25354
3101365,Ciepłowody,Cieplowody,P,PPL,1200,72,0224,50.67477,16.90871
3101547,Chrzanów,Chrzanow,P,PPL,39973,77,1203,50.13546,19.40203
3101680,Chodzież,Chodziez,P,PPLA3,19776,86,3001,52.99505,16.9198
3103148,Bobrowniki,Bobrowniki,P,PPLA3,980,73,0408,52.78086,18.96026
3103247,Bledzew,Bledzew,P,PPLA3,1300,76,0803,52.51711,15.41382
7534440,Sulbiny Górne,Sulbiny Gorne,P,PPL,1014,78,1403,51.87321,21.63174
7536163,Krzczonów,Krzczonow,P,PPLA3,1462,75,0609,51.00727,22.71097
7576143,Nowe Ostrowy,Nowe Ostrowy,P,PPLA3,484,74,1002,52.30318,19.19217
12047625,Maślice Małe,Maslice Male,P,PPLX,6602,72,0264,51.14937,16.94191
12047645,Kowale-Popiele,Kowale-Popiele,P,PPLX,2254,72,0264,51.1309,17.10175
754092,Zakliczyn,Zakliczyn,P,PPLA3,1534,77,1216,49.85589,20.80935
755118,Wola Uhruska,Wola Uhruska,P,PPLA3,1639,75,0619,51.32139,23.62627
755412,Wojcieszków,Wojcieszkow,P,PPL,1100,75,0611,51.76922,22.31589
756933,Tereszpol,Tereszpol,P,PPLA3,1157,75,0602,50.58373,22.8798
758091,Straszydle,Straszydle,P,PPL,2077,80,1816,49.90038,21.98124
758416,Stanisławów,Stanislawow,P,PPLA3,2200,78,1412,52.28937,21.54848
758539,Sosnówka,Sosnowka,P,PPLA3,520,75,0601,51.75084,23.33814
758759,Smyków,Smykow,P,PPLA3,290,84,2605,51.04442,20.40032
759839,Ryn,Ryn,P,PPLA3,2992,85,2806,53.9377,21.54642
759852,Ryki,Ryki,P,PPLA2,9619,75,0616,51.62574,21.93274
760414,Rogóźno,Rogozno,P,PPL,1153,75,0618,50.46417,23.39041
760680,Radzyń Podlaski,Radzyn Podlaski,P,PPLA3,16071,75,0615,51.78333,22.61667
760830,Racławice,Raclawice,P,PPL,1236,80,1812,50.5137,22.16552
760844,Raciąż,Raciaz,P,PPLA3,4676,78,1420,52.78152,20.1177
761055,Przyłęk,Przylek,P,PPLA3,559,78,1436,51.30856,21.74744
762381,Piastów,Piastow,P,PPLA3,23290,78,1421,52.18435,20.83952
762390,Piaski,Piaski,P,PPLA3,2634,75,0617,51.13892,22.84856
762548,Pawłów,Pawlow,P,PPLA3,1100,84,2611,50.96216,21.12062
762792,Otrębusy,Otrebusy,P,PPL,2000,78,1421,52.12843,20.76073
763268,Oleśnica,Olesnica,P,PPLA3,1800,84,2612,50.45357,21.06457
763765,Nowa Sarzyna,Nowa Sarzyna,P,PPLA3,6255,80,1808,50.32086,22.34456
764414,Morawica,Morawica,P,PPLA3,1576,84,2604,50.74678,20.61756
764484,Mokotów,Mokotow,P,PPL,217683,78,1465,52.1934,21.03487
764486,Mokobody,Mokobody,P,PPLA3,1600,78,1426,52.26523,22.11182
764988,Miastków Kościelny,Miastkow Koscielny,P,PPLA3,630,78,1403,51.88407,21.82528
765188,Markowa,Markowa,P,PPLA3,4100,80,1810,50.02633,22.3316
766435,Leśnica,Lesnica,P,PPL,1200,77,1217,49.40092,20.06001
766686,Laszki,Laszki,P,PPL,1827,80,1804,50.0202,22.89997
770036,Jodłowa,Jodlowa,P,PPLA3,4100,80,1803,49.87229,21.27897
773478,Dąbrówno,Dabrowno,P,PPLA3,1400,85,2815,53.43408,20.03529
773935,Czarna Góra,Czarna Gora,P,PPL,1506,77,1217,49.37662,20.13047
774730,Bychawa,Bychawa,P,PPLA3,5297,75,0609,51.01608,22.53296
775820,Błonie,Blonie,P,PPLA3,12195,78,1432,52.19849,20.61709
776120,Białobrzegi,Bialobrzegi,P,PPLA3,2200,80,1810,50.10252,22.31907
776788,Adamów,Adamow,P,PPL,2100,75,0611,51.74335,22.26414
3080084,Złotniki,Zlotniki,P,PPL,1100,86,3021,52.49407,16.84496
3080231,Zgorzelec,Zgorzelec,P,PPLA2,33247,72,0225,51.14942,15.00835
3081350,Wronki,Wronki,P,PPLA3,11462,86,3024,52.71051,16.38044
3081895,Wińsko,Winsko,P,PPL,1800,72,0222,51.47032,16.6139
3082130,Wierzchlas,Wierzchlas,P,PPL,2000,74,1017,51.20457,18.66543
3082376,Widuchowa,Widuchowa,P,PPLA3,1300,87,3206,53.12693,14.39074
3082887,Tyniec Mały,Tyniec Maly,P,PPL,1622,72,0223,51.01948,16.91998
3083004,Tuplice,Tuplice,P,PPLA3,1500,76,0811,51.67639,14.82914
3083145,Trzebiatów,Trzebiatow,P,PPLA3,10322,87,3205,54.06147,15.26475
3083453,Tarnówka,Tarnowka,P,PPL,1300,86,3031,53.34174,16.85273
3083632,Szprotawa,Szprotawa,P,PPL,12786,76,0810,51.56563,15.53664
3083880,Szamocin,Szamocin,P,PPLA3,4258,86,3001,53.02795,17.12653
3084055,Świeradów-Zdrój,Swieradow-Zdroj,P,PPL,4492,72,0210,50.9092,15.34309
3084060,Świekatowo,Swiekatowo,P,PPL,1077,73,0414,53.41864,18.09731
3084085,Świdwin,Swidwin,P,PPL,15725,87,3216,53.77464,15.77671
3084224,Sulików,Sulikow,P,PPL,2014,72,0225,51.07624,15.06792
3084300,Sucha Beskidzka,Sucha Beskidzka,P,PPLA2,9801,77,1215,49.74188,19.59429
3084415,Strzelce Opolskie,Strzelce Opolskie,P,PPLA2,20241,79,1611,50.5107,18.30056
3084527,Straszyn,Straszyn,P,PPL,2962,82,2204,54.27214,18.58114
3084807,Staroźreby,Starozreby,P,PPLA3,2128,78,1419,52.63265,19.9855
3085187,Sól,Sol,P,PPL,1334,83,2417,49.48764,19.04171
3085391,Śmigiel,Smigiel,P,PPLA3,5531,86,3011,52.01339,16.52704
3085637,Sława,Slawa,P,PPLA3,4038,76,0812,51.87623,16.07205
3085941,Sierpc,Sierpc,P,PPLA2,18866,78,1427,52.8568,19.66913
3086153,Sępólno Krajeńskie,Sepolno Krajenskie,P,PPLA3,9223,73,0413,53.45198,17.53169
3086206,Ścinawa,Scinawa,P,PPL,5863,72,0211,51.41626,16.4251
3086278,Sąspów,Saspow,P,PPL,1358,77,1206,50.22887,19.77007
3086760,Rudnik,Rudnik,P,PPL,2641,77,1209,49.85243,19.8474
3087743,Psary,Psary,P,PPLA3,2717,83,2401,50.37964,19.11548
3087847,Przygodzice,Przygodzice,P,PPLA3,3000,86,3017,51.59195,17.82412
3088492,Polanów,Polanow,P,PPLA3,2960,87,3209,54.1193,16.68512
3089057,Pietrowice Wielkie,Pietrowice Wielkie,P,PPLA3,2239,83,2411,50.08452,18.09148
3089238,Piasek,Piasek,P,PPL,3342,83,2410,50.01055,18.94807
3089507,Pamiątkowo,Pamiatkowo,P,PPL,1200,86,3024,52.55334,16.68094
3089642,Otmuchów,Otmuchow,P,PPLA3,5181,79,1607,50.46627,17.17348
3090553,Nowogród Bobrzański,Nowogrod Bobrzanski,P,PPLA3,5114,76,0809,51.79856,15.2352
3090951,Niemodlin,Niemodlin,P,PPL,6315,79,1609,50.642,17.61932
3091153,Nakło,Naklo,P,PPL,1431,79,1609,50.57975,18.11817
3091605,Mnich,Mnich,P,PPL,3541,83,2403,49.88944,18.80722
3092490,Malanów,Malanow,P,PPL,1607,86,3027,51.95358,18.39128
3093066,Łowicz,Lowicz,P,PPLA2,29809,74,1005,52.10714,19.94525
3093285,Lipnica,Lipnica,P,PPLA3,747,82,2201,53.99623,17.40702
3093524,Leszno,Leszno,P,PPLA2,63565,86,3063,51.84034,16.57494
3093749,Łeba,Leba,P,PPL,3744,82,2208,54.76099,17.55547
3094086,Kwidzyn,Kwidzyn,P,PPLA3,37601,82,2207,53.72495,18.93114
3095367,Komprachcice,Komprachcice,P,PPL,2800,79,1609,50.63678,17.82635
3096149,Klenica,Klenica,P,PPL,1400,76,0809,51.99217,15.78392
3096472,Katowice,Katowice,P,PPLA,317316,83,2469,50.25841,19.02754
3096873,Kalisz Pomorski,Kalisz Pomorski,P,PPLA3,4110,87,3203,53.29908,15.90631
3096885,Kaliska,Kaliska,P,PPL,2268,82,2213,53.90535,18.21885
3096911,Kalety,Kalety,P,PPLA3,8670,83,2413,50.5627,18.8926
3097233,Jemielnica,Jemielnica,P,PPLA3,3500,79,1611,50.54573,18.37807
3097271,Jelcz,Jelcz,P,PPLX,15308,72,0215,51.02102,17.32095
3097651,Jankowice Rybnickie,Jankowice Rybnickie,P,PPLA3,3895,83,2412,50.04479,18.54707
3097871,Ińsko,Insko,P,PPLA3,2002,87,3214,53.43613,15.5502
3098030,Hel,Hel,P,PPLA3,4136,82,2211,54.60384,18.80351
3098556,Grabica,Grabica,P,PPLA3,390,74,1010,51.47989,19.53137
3098871,Góra Świętej Małgorzaty,Gora Swietej Malgorzaty,P,PPLA3,357,74,1004,52.05713,19.31997
3098966,Goleniów,Goleniow,P,PPLA2,22505,87,3204,53.56392,14.82854
3099371,Gierałtowice,Gieraltowice,P,PPL,3752,83,2405,50.22486,18.73384
3100127,Drezdenko,Drezdenko,P,PPLA3,10541,76,0806,52.83831,15.83079
3100400,Dobiegniew,Dobiegniew,P,PPLA3,3179,76,0806,52.96947,15.75362
3100778,Dąbrowa Zielona,Dabrowa Zielona,P,PPLA3,881,83,2404,50.84394,19.55652
3101089,Czastary,Czastary,P,PPLA3,1024,74,1018,51.25869,18.31953
3101136,Czarnocin,Czarnocin,P,PPLA3,1300,74,1010,51.59142,19.68158
3102316,Brzozie,Brzozie,P,PPL,1578,73,0402,53.32554,19.60485
3102975,Boleszkowice,Boleszkowice,P,PPLA3,1316,87,3210,52.72493,14.56901
3103142,Bobrowo,Bobrowo,P,PPLA3,441,73,0402,53.28549,19.27053
3103236,Blizanów,Blizanow,P,PPLA3,483,86,3007,51.90372,18.01003
3103696,Bełk,Belk,P,PPL,3353,83,2412,50.13048,18.71667
3103877,Baranów,Baranow,P,PPLA3,1500,86,3008,51.26342,18.0047
6545348,Praga Południe,Praga Poludnie,P,PPL,179836,78,1465,52.24424,21.08545
7534722,Zalesie,Zalesie,P,PPL,1171,80,1814,50.01226,22.53262
12047661,Rejon ulicy Borowskiej-Południe,Rejon ulicy Borowskiej-Poludnie,P,PPLX,2663,72,0264,51.0766,17.02582
753762,Zarzecze,Zarzecze,P,PPLA3,1589,80,1814,49.98633,22.53716
754351,Ząbki,Zabki,P,PPLA3,23473,78,1434,52.29271,21.10539
755438,Wohyń,Wohyn,P,PPL,2000,75,0615,51.75642,22.78582
756028,Werbkowice,Werbkowice,P,PPL,3030,75,0604,50.75373,23.76411
757452,Szczebrzeszyn,Szczebrzeszyn,P,PPLA3,5255,75,0620,50.69499,22.97954
757735,Susiec,Susiec,P,PPLA3,1300,75,0618,50.41973,23.19626
758282,Stary Sącz,Stary Sacz,P,PPL,8959,77,1210,49.56364,20.63496
758390,Starachowice,Starachowice,P,PPLA2,53739,84,2611,51.0374,21.07126
758952,Sławno,Slawno,P,PPLA3,384,74,1007,51.39273,20.14043
759194,Osiedle-Nowiny,Osiedle-Nowiny,P,PPLA3,2492,84,2661,50.8177,20.54117
761812,Podłęże,Podleze,P,PPL,1978,77,1219,50.01458,20.16781
762199,Pionki,Pionki,P,PPLA3,19966,78,1425,51.47604,21.44995
762556,Pawlikowice,Pawlikowice,P,PPL,1200,77,1219,49.9531,20.05486
762873,Ostrówek,Ostrowek,P,PPL,1700,78,1433,52.5535,21.76014
763011,Osiek,Osiek,P,PPLA3,2031,84,2612,50.51996,21.44192
763094,Orla,Orla,P,PPL,1100,81,2003,52.70546,23.33213
763650,Nowe Sioło,Nowe Siolo,P,PPL,1300,80,1809,50.23194,23.15884
764033,Nieborów,Nieborow,P,PPLA3,900,74,1005,52.07771,20.06902
764421,Mońki,Monki,P,PPLA3,10577,81,2008,53.40496,22.79791
764926,Michów,Michow,P,PPLA3,1746,75,0608,51.52573,22.31435
765749,Łuków,Lukow,P,PPLA3,30465,75,0611,51.929,22.37956
765914,Lubenia,Lubenia,P,PPLA3,2400,80,1816,49.93078,21.92665
765983,Łopuszna,Lopuszna,P,PPL,1508,77,1211,49.47281,20.13021
766867,Łączna,Laczna,P,PPLA3,780,84,2610,51.00231,20.79712
768115,Kortowo,Kortowo,P,PPL,1070,85,2862,53.75731,20.4562
769061,Klimontów,Klimontow,P,PPL,1397,77,1214,50.22843,20.3199
770045,Jeżowe,Jezowe,P,PPLA3,5358,80,1812,50.37486,22.12749
770772,Iwaniska,Iwaniska,P,PPLA3,1300,84,2606,50.73146,21.2806
771481,Grębków,Grebkow,P,PPLA3,345,78,1433,52.26931,21.90974
771679,Gózd,Gozd,P,PPLA3,909,78,1425,51.37832,21.37914
772021,Gnojno,Gnojno,P,PPLA3,721,84,2601,50.60263,20.84913
773386,Dębe Wielkie,Debe Wielkie,P,PPLA3,2750,78,1412,52.19961,21.44334
773735,Czerwonka,Czerwonka,P,PPL,1090,85,2814,53.91627,20.89685
773808,Czemierniki,Czemierniki,P,PPL,3700,75,0615,51.67298,22.63887
773966,Czarna,Czarna,P,PPLA3,2474,80,1803,50.06717,21.25614
774069,Ćmielów,Cmielow,P,PPLA3,3194,84,2607,50.89028,21.51426
774387,Chorzele,Chorzele,P,PPLA3,2807,78,1422,53.26075,20.89728
775155,Brzeziny,Brzeziny,P,PPL,2015,84,2604,50.77273,20.57319
775358,Brańszczyk,Branszczyk,P,PPL,1109,78,1435,52.62931,21.58745
775424,Borzechów,Borzechow,P,PPLA3,390,75,0609,51.09258,22.28414
775866,Błażowa,Blazowa,P,PPLA3,2129,80,1816,49.88521,22.10037
775908,Bircza,Bircza,P,PPLA3,1000,80,1813,49.69173,22.47854
3080058,Żmigród,Zmigrod,P,PPL,6542,72,0220,51.46672,16.90564
3080984,Zabrzeg,Zabrzeg,P,PPL,3090,83,2402,49.91619,18.94292
3081300,Wschowa,Wschowa,P,PPLA2,14458,76,0812,51.80705,16.31663
3081560,Wola Krzysztoporska,Wola Krzysztoporska,P,PPLA3,2100,74,1010,51.34418,19.5809
3081604,Wola,Wola,P,PPL,8508,83,2410,50.01745,19.12333
3081711,Włosienica,Wlosienica,P,PPL,1491,77,1213,50.01822,19.31671
3081748,Wleń,Wlen,P,PPLA3,1888,72,0212,51.01635,15.67474
3081946,Wilków,Wilkow,P,PPLA3,900,79,1606,51.10158,17.66284
3082587,Warta,Warta,P,PPLA3,3400,74,1014,51.71049,18.62483
3082855,Ujazd,Ujazd,P,PPLA3,1638,79,1611,50.38938,18.34929
3083835,Szczawno-Zdrój,Szczawno-Zdroj,P,PPL,5586,72,0221,50.80352,16.25655
3084061,Świedziebnia,Swiedziebnia,P,PPLA3,958,73,0402,53.15207,19.55463
3084107,Świątniki Górne,Swiatniki Gorne,P,PPLA3,2125,77,1206,49.93429,19.95364
3084230,Sulejów,Sulejow,P,PPLA3,6332,74,1010,51.35436,19.88538
3084408,Strzeleczki,Strzeleczki,P,PPLA3,1700,79,1605,50.46215,17.85665
3085047,Środa Śląska,Sroda Slaska,P,PPLA2,8912,72,0218,51.16406,16.59508
3085450,Słupsk,Slupsk,P,PPLA2,98608,82,2263,54.46405,17.02872
3085974,Sieraków,Sierakow,P,PPLA3,6090,86,3014,52.65134,16.08047
3086586,Rybnik,Rybnik,P,PPLA2,142510,83,2473,50.09713,18.54179
3086706,Rumia,Rumia,P,PPLA3,44791,82,2215,54.57092,18.38802
3088034,Pruszcz Gdański,Pruszcz Gdanski,P,PPLA2,23618,82,2204,54.26217,18.63625
3088493,Polanka Wielka,Polanka Wielka,P,PPL,3800,77,1213,49.98501,19.32615
3088759,Pniewy,Pniewy,P,PPLA3,7738,86,3024,52.50943,16.25668
3089658,Oświęcim,Oswiecim,P,PPL,39057,77,1213,50.03437,19.21037
3089855,Osjaków,Osjakow,P,PPL,1221,74,1017,51.28946,18.79151
3090068,Opatów,Opatow,P,PPLA3,1213,83,2406,50.95567,18.81941
3090315,Odolanów,Odolanow,P,PPLA3,4960,86,3017,51.57419,17.67434
3090990,Niegowonice,Niegowonice,P,PPL,2453,83,2416,50.38909,19.42263
3091901,Mieroszów,Mieroszow,P,PPL,4480,72,0221,50.66589,16.18883
3092618,Łysomice,Lysomice,P,PPLA3,1100,73,0415,53.08629,18.62002
3093932,Łanięta,Lanieta,P,PPLA3,634,74,1002,52.36203,19.28032
3094035,Łączany,Laczany,P,PPL,1589,77,1218,49.98407,19.57867
3094283,Kuków,Kukow,P,PPL,1319,77,1215,49.73252,19.48485
3095151,Kościan,Koscian,P,PPLA3,24096,86,3011,52.08829,16.64866
3095321,Konin,Konin,P,PPL,81258,86,3062,52.22338,18.25121
3095874,Koczała,Koczala,P,PPL,2111,82,2203,53.90449,17.06529
3096123,Kleszczów,Kleszczow,P,PPLA3,2000,74,1001,51.22355,19.30418
3097257,Jelenia Góra,Jelenia Gora,P,PPL,87310,72,0261,50.89973,15.72899
3098015,Henryków,Henrykow,P,PPL,3200,72,0224,50.65327,17.01027
3098267,Gromadka,Gromadka,P,PPLA3,2150,72,0201,51.36063,15.76452
3098502,Grabów,Grabow,P,PPLA3,1300,74,1004,52.12717,19.00257
3099934,Dziadowa Kłoda,Dziadowa Kloda,P,PPL,1174,72,0214,51.23543,17.70919
3100280,Dobrzyca,Dobrzyca,P,PPL,3254,86,3020,51.86663,17.60336
3100283,Dobrzeń Wielki,Dobrzen Wielki,P,PPL,4500,79,1609,50.76844,17.84652
3100796,Dąbrowa Górnicza,Dabrowa Gornicza,P,PPL,118285,83,2465,50.33394,19.20479
3100994,Czernikowo,Czernikowo,P,PPLA3,2752,73,0415,52.94688,18.93803
3101120,Czarnożyły,Czarnozyly,P,PPL,1300,74,1017,51.28533,18.56106
3101726,Choceń,Chocen,P,PPLA3,980,73,0418,52.48618,19.01339
3101918,Cedynia,Cedynia,P,PPLA3,1622,87,3206,52.87931,14.20249
3101919,Cedry Wielkie,Cedry Wielkie,P,PPL,1007,82,2204,54.24707,18.84567
3101968,Bystrzyca Kłodzka,Bystrzyca Klodzka,P,PPL,10375,72,0208,50.30179,16.64231
3101987,Bystra,Bystra,P,PPL,3887,83,2402,49.76042,19.05973
3102162,Budzyń,Budzyn,P,PPLA3,4861,86,3001,52.88954,16.98812
3102650,Brenno,Brenno,P,PPL,1200,86,3013,51.92257,16.21488
3103402,Bielsko-Biala,Bielsko-Biala,P,PPLA3,176515,83,2461,49.82245,19.04686
3104019,Babice,Babice,P,PPL,1582,77,1213,50.05565,19.19955
7535566,Mała Wieś,Mala Wies,P,PPLA3,1361,78,1419,52.45779,20.10223
7576449,Rotmanka,Rotmanka,P,PPL,1782,82,2204,54.27425,18.6038
12047623,Rejon placu Grunwaldzkiego,Rejon placu Grunwaldzkiego,P,PPLX,27030,72,0264,51.11669,17.06126
12047651,Różanka-Polanka,Rozanka-Polanka,P,PPLX,15746,72,0264,51.14344,17.01987
754118,Zahutyń,Zahutyn,P,PPL,1267,80,1817,49.52989,22.23358
754912,Wólka Niedźwiedzka,Wolka Niedzwiedzka,P,PPL,1800,80,1816,50.24226,22.18826
755502,Wizna,Wizna,P,PPL,1300,81,2007,53.19518,22.38241
755582,Wiśniew,Wisniew,P,PPLA3,870,78,1426,52.07265,22.29392
755594,Wiskitki,Wiskitki,P,PPL,1420,78,1438,52.08831,20.38708
757026,Tarnów,Tarnow,P,PPLA2,117799,77,1263,50.01381,20.98698
757044,Tarnawatka,Tarnawatka,P,PPLA3,1000,75,0618,50.53154,23.3959
757953,Strzyżowice,Strzyzowice,P,PPLA3,648,75,0609,51.0483,22.44018
758575,Sonina,Sonina,P,PPL,2836,80,1810,50.06089,22.26551
759123,Skierniewice,Skierniewice,P,PPLA2,49042,74,1063,51.95485,20.15837
759507,Sędziszów,Sedziszow,P,PPLA3,6771,84,2602,50.5659,20.05563
760203,Rozogi,Rozogi,P,PPL,1418,85,2817,53.48549,21.36223
760584,Rawa Mazowiecka,Rawa Mazowiecka,P,PPLA3,17770,74,1013,51.76437,20.25493
760697,Radziłów,Radzilow,P,PPL,1400,81,2004,53.40994,22.40988
761008,Przysucha,Przysucha,P,PPLA2,6188,78,1423,51.35858,20.62889
761028,Przysietnica,Przysietnica,P,PPL,3953,80,1802,49.73019,22.05257
761437,Poronin,Poronin,P,PPLA3,3507,77,1217,49.33781,20.00291
762734,Padew Narodowa,Padew Narodowa,P,PPL,2300,80,1811,50.43947,21.50059
762769,Ożarów Mazowiecki,Ozarow Mazowiecki,P,PPLA2,8237,78,1432,52.21039,20.79716
762774,Ożarów,Ozarow,P,PPLA3,4689,84,2606,50.88798,21.66658
763327,Oksa,Oksa,P,PPLA3,890,84,2602,50.72874,20.10086
763764,Nowa Słupia,Nowa Slupia,P,PPLA3,1422,84,2604,50.86432,21.09049
764026,Niechobrz,Niechobrz,P,PPL,2644,80,1816,49.99472,21.87824
764276,Mszana Dolna,Mszana Dolna,P,PPLA3,7500,77,1207,49.67432,20.07992
764670,Mircze,Mircze,P,PPL,1480,75,0604,50.65164,23.89604
765863,Lubochnia,Lubochnia,P,PPLA3,684,74,1016,51.60794,20.05391
766090,Liw,Liw,P,PPLA3,0,78,1433,52.37515,21.96768
766210,Lipnica,Lipnica,P,PPL,1300,80,1806,50.28939,21.88811
766675,Latowicz,Latowicz,P,PPLA3,1401,78,1412,52.02636,21.80829
766962,Kuryłówka,Kurylowka,P,PPLA3,1674,80,1808,50.29976,22.46601
767685,Kramarzówka,Kramarzowka,P,PPL,1500,80,1804,49.86034,22.50137
768283,Kończyce,Konczyce,P,PPLA3,384,80,1812,50.42575,22.15376
768982,Klwów,Klwow,P,PPLA3,528,78,1423,51.53448,20.63644
769893,Kabaty,Kabaty,P,PPLX,25000,78,1465,52.13012,21.08148
770724,Jabłonica Polska,Jablonica Polska,P,PPL,1076,80,1802,49.69784,21.89961
771690,Goszczyn,Goszczyn,P,PPLA3,920,78,1406,51.73187,20.85154
773525,Dąbrówka,Dabrowka,P,PPLA3,535,78,1434,52.48388,21.29794
773753,Czerwin,Czerwin,P,PPLA3,700,78,1415,52.94905,21.75842
773802,Czeremcha,Czeremcha,P,PPLA3,2640,81,2005,52.51667,23.35
774472,Chodel,Chodel,P,PPLA3,1500,75,0612,51.11177,22.13269
774770,Bulkowo,Bulkowo,P,PPLA3,266,78,1419,52.54087,20.11889
776114,Białobrzegi,Bialobrzegi,P,PPLA2,7328,78,1401,51.64695,20.95041
776252,Bełżyce,Belzyce,P,PPLA3,6958,75,0609,51.17415,22.28027
776337,Bartoszyce,Bartoszyce,P,PPL,23482,85,2801,54.25354,20.80819
776759,Albigowa,Albigowa,P,PPL,2923,80,1810,50.01425,22.22414
3079986,Zubrzyca Górna,Zubrzyca Gorna,P,PPL,2987,77,1211,49.56174,19.64973
3080047,Żnin,Znin,P,PPLA2,14008,73,0419,52.84958,17.71992
3080275,Żerków,Zerkow,P,PPLA3,2127,86,3006,52.06877,17.56349
3080291,Zembrzyce,Zembrzyce,P,PPLA3,2900,77,1215,49.77517,19.6012
3080367,Zebrzydowice,Zebrzydowice,P,PPLX,2700,83,2473,50.1,18.5
3080411,Zduny,Zduny,P,PPLA3,4498,86,3012,51.6458,17.37694
3080823,Zakrzów,Zakrzow,P,PPL,1133,77,1218,49.82558,19.64973
3080830,Zakrzewo,Zakrzewo,P,PPL,1620,86,3031,53.41186,17.15472
3081733,Włodowice,Wlodowice,P,PPL,1248,83,2416,50.5556,19.45155
3082061,Wieszowa,Wieszowa,P,PPL,1860,83,2413,50.38444,18.75924
3082364,Więcbork,Wiecbork,P,PPLA3,5953,73,0413,53.35384,17.49064
3082705,Walce,Walce,P,PPLA3,2100,79,1605,50.37322,18.00427
3083320,Tomice,Tomice,P,PPLA3,2185,77,1218,49.89773,19.48357
3083878,Szamotuły,Szamotuly,P,PPLA2,18588,86,3024,52.61201,16.57794
3083988,Świętochłowice,Swietochlowice,P,PPLA2,55600,83,2476,50.29636,18.91726
3084062,Świebodzin,Swiebodzin,P,PPLA2,21757,76,0808,52.24751,15.53355
3084184,Sulmierzyce,Sulmierzyce,P,PPL,2829,86,3012,51.60594,17.53053
3084965,Stara Dąbrowa,Stara Dabrowa,P,PPLA3,618,87,3214,53.42191,15.14405
3084978,Stanowice,Stanowice,P,PPL,2254,83,2412,50.13037,18.67084
3085159,Somonino,Somonino,P,PPL,2206,82,2205,54.27555,18.19885
3085757,Skoroszyce,Skoroszyce,P,PPLA3,1400,79,1607,50.59648,17.38243
3086480,Rząska,Rzaska,P,PPL,2082,77,1206,50.09713,19.84509
3086527,Rydzyna,Rydzyna,P,PPLA3,2696,86,3013,51.78651,16.66761
3087045,Rokietnica,Rokietnica,P,PPLA3,1900,86,3021,52.51245,16.7457
3087333,Raszków,Raszkow,P,PPLA3,2079,86,3017,51.71828,17.72571
3087535,Radków,Radkow,P,PPL,2410,72,0208,50.50426,16.40061
3087617,Pyzdry,Pyzdry,P,PPLA3,3203,86,3030,52.17056,17.69005
3088161,Prabuty,Prabuty,P,PPLA3,8488,82,2207,53.755,19.20547
3088977,Piotrków Kujawski,Piotrkow Kujawski,P,PPLA3,5030,73,0411,52.55111,18.49905
3089590,Ożarowice,Ozarowice,P,PPLA3,1532,83,2413,50.46182,19.04317
3090360,Ochaby,Ochaby,P,PPL,2016,83,2403,49.84252,18.76894
3090401,Oborniki Śląskie,Oborniki Slaskie,P,PPL,8440,72,0220,51.30137,16.91465
3091263,Mysłakowice,Myslakowice,P,PPL,5100,72,0206,50.84123,15.77894
3091523,Mogilno,Mogilno,P,PPLA3,12465,73,0409,52.65806,17.95578
3092312,Margonin,Margonin,P,PPLA3,2980,86,3001,52.97335,17.09464
3093009,Łubianka,Lubianka,P,PPLA3,953,73,0415,53.13864,18.48115
3093263,Lipowa,Lipowa,P,PPL,4357,83,2417,49.67574,19.09398
3093902,Łask,Lask,P,PPLA2,18577,74,1003,51.59056,19.13278
3094402,Krzyżanów,Krzyzanow,P,PPLA3,298,74,1002,52.18409,19.45619
3095307,Konotop,Konotop,P,PPL,1400,76,0804,51.93157,15.90391
3096791,Kamień Krajeński,Kamien Krajenski,P,PPLA3,2342,73,0413,53.53352,17.52019
3097420,Jastrowie,Jastrowie,P,PPLA3,8452,86,3031,53.42048,16.81756
3098130,Gubin,Gubin,P,PPLA3,16629,76,0802,51.94956,14.72837
3098204,Gruta,Gruta,P,PPLA3,1600,73,0406,53.45315,18.957
3098901,Góra,Gora,P,PPL,2554,83,2410,49.97971,19.10471
3098923,Gołuchów,Goluchow,P,PPLA3,2000,86,3020,51.85036,17.9314
3098949,Golina,Golina,P,PPLA3,4387,86,3010,52.24315,18.09268
3099144,Głuszyca Górna,Gluszyca Gorna,P,PPL,1278,72,0221,50.66606,16.37585
3099492,Gardeja,Gardeja,P,PPL,2500,82,2207,53.61125,18.94687
3099966,Dygowo,Dygowo,P,PPL,1549,87,3208,54.13031,15.71993
3100086,Drużbice,Druzbice,P,PPLA3,530,74,1001,51.46369,19.39404
3100193,Domaszowice,Domaszowice,P,PPLA3,1100,79,1606,51.0429,17.88875
3100382,Dobieszowice,Dobieszowice,P,PPL,1891,83,2401,50.39697,19.01304
3101255,Cybinka,Cybinka,P,PPLA3,2655,76,0805,52.19446,14.79567
3101428,Ciechocin,Ciechocin,P,PPLA3,776,73,0405,53.05581,18.92635
3101946,Bytoń,Byton,P,PPLA3,436,73,0411,52.55757,18.59522
3102261,Buczek,Buczek,P,PPLA3,980,74,1003,51.50228,19.16419
3102791,Borucin,Borucin,P,PPL,1247,83,2411,50.00763,18.15748
3103162,Bobrowice,Bobrowice,P,PPLA3,884,76,0802,51.9485,15.09058
12047620,Sępolno,Sepolno,P,PPLX,7724,72,0264,51.10995,17.102
12047622,Rejon ulicy Mieleckiej,Rejon ulicy Mieleckiej,P,PPLX,6815,72,0264,51.09145,17.00207
763245,Olszana,Olszana,P,PPL,1107,77,1210,49.56748,20.52126
763361,Ojrzeń,Ojrzen,P,PPLA3,750,78,1402,52.7657,20.54315
763513,Nur,Nur,P,PPLA3,760,78,1416,52.66826,22.32207
763523,Nowy Targ,Nowy Targ,P,PPLA2,33763,77,1211,49.47783,20.03228
763783,Nowa Dęba,Nowa Deba,P,PPLA3,11489,80,1820,50.42974,21.75078
763982,Niedźwiedź,Niedzwiedz,P,PPL,1400,77,1207,49.621,20.07794
764679,Mińsk Mazowiecki,Minsk Mazowiecki,P,PPLA2,37027,78,1412,52.17935,21.57251
764740,Milejów,Milejow,P,PPLA3,2676,75,0610,51.23226,22.92443
764741,Milejczyce,Milejczyce,P,PPL,1100,81,2010,52.51967,23.13206
765995,Łopiennik Górny,Lopiennik Gorny,P,PPLA3,563,75,0606,51.0408,23.01833
766027,Łomża,Lomza,P,PPL,63723,81,2062,53.17806,22.05935
766193,Lipnik,Lipnik,P,PPLA3,400,84,2606,50.72977,21.49389
767300,Krzemienica,Krzemienica,P,PPL,2664,80,1810,50.0621,22.18054
768341,Komarów-Osada,Komarow-Osada,P,PPLA3,1044,75,0620,50.62888,23.4774
770033,Jodłówka,Jodlowka,P,PPL,1400,77,1201,49.99295,20.54821
770148,Jedwabno,Jedwabno,P,PPL,1125,85,2817,53.5299,20.72657
770221,Jawornik Polski,Jawornik Polski,P,PPLA3,1122,80,1814,49.89082,22.28868
770395,Jarczów,Jarczow,P,PPLA3,876,75,0618,50.42438,23.58576
771165,Haczów,Haczow,P,PPLA3,3370,80,1802,49.66152,21.8979
771313,Grybów,Grybow,P,PPL,5994,77,1210,49.62439,20.94797
772896,Dubienka,Dubienka,P,PPL,1042,75,0603,51.04862,23.89252
773050,Domanice,Domanice,P,PPLA3,304,78,1426,52.03739,22.17642
773217,Długosiodło,Dlugosiodlo,P,PPL,2020,78,1435,52.75998,21.59183
773738,Czerwonka,Czerwonka,P,PPLA3,150,78,1411,52.89254,21.21494
773765,Czerniewice,Czerniewice,P,PPLA3,730,74,1016,51.65419,20.15553
773898,Czarnochowice,Czarnochowice,P,PPL,1245,77,1219,50.00471,20.0679
774090,Cisna,Cisna,P,PPLA3,460,80,1821,49.21328,22.32795
775860,Błędów,Bledow,P,PPL,1098,78,1406,51.77767,20.69798
776069,Białystok,Bialystok,P,PPLA,291855,81,2061,53.13333,23.16433
776175,Biała Podlaska,Biala Podlaska,P,PPLA2,57541,75,0661,52.03238,23.11652
3080251,Zgierz,Zgierz,P,PPLA2,58036,74,1020,51.85561,19.40623
3080414,Zduńska Wola,Zdunska Wola,P,PPLA2,44515,74,1019,51.59915,18.93974
3080866,Zakopane,Zakopane,P,PPL,27266,77,1217,49.29899,19.94885
3081430,Wołów,Wolow,P,PPL,12276,72,0222,51.33656,16.64429
3081680,Wodzierady,Wodzierady,P,PPLA3,239,74,1003,51.71826,19.15123
3081818,Witnica,Witnica,P,PPLA3,6821,76,0801,52.67318,14.89765
3082333,Większyce,Wiekszyce,P,PPL,1055,79,1603,50.33659,18.10221
3082938,Twardogóra,Twardogora,P,PPL,6840,72,0214,51.36487,17.46878
3082945,Tuszyn,Tuszyn,P,PPLA3,7124,74,1006,51.60949,19.53009
3082966,Turza Śląska,Turza Slaska,P,PPL,3085,83,2415,49.97231,18.43781
3083442,Tarnowo Podgórne,Tarnowo Podgorne,P,PPLA3,4235,86,3021,52.46642,16.66326
3083664,Szlichtyngowa,Szlichtyngowa,P,PPLA3,1372,76,0812,51.71222,16.24427
3083921,Syców,Sycow,P,PPL,10809,72,0214,51.30814,17.71979
3084130,Swarzędz,Swarzedz,P,PPLA3,29010,86,3021,52.41289,17.08503
3084258,Suchy Las,Suchy Las,P,PPLA3,4367,86,3021,52.47308,16.87745
3084404,Strzelin,Strzelin,P,PPL,12394,72,0217,50.78157,17.06477
3084414,Strzelce Wielkie,Strzelce Wielkie,P,PPL,1100,74,1009,51.1394,19.14539
3084641,Stężyca,Stezyca,P,PPL,2200,82,2205,54.20593,17.95569
3084840,Stargard,Stargard,P,PPLA2,71224,87,3214,53.33672,15.0499
3084953,Stara Kiszewa,Stara Kiszewa,P,PPL,1480,82,2206,53.99006,18.16958
3085045,Środa Wielkopolska,Sroda Wielkopolska,P,PPLA2,21757,86,3025,52.22843,17.27617
3085414,Smętowo Graniczne,Smetowo Graniczne,P,PPL,3000,82,2213,53.74638,18.68586
3085668,Skrzyszów,Skrzyszow,P,PPL,3429,83,2415,49.94873,18.48879
3085826,Skarszewy,Skarszewy,P,PPL,6942,82,2213,54.06911,18.44416
3085945,Sieroszewice,Sieroszewice,P,PPLA3,1014,86,3017,51.63347,17.972
3085970,Sierakowice,Sierakowice,P,PPL,7068,82,2205,54.3461,17.89252
3086796,Rudawa,Rudawa,P,PPL,1720,77,1206,50.12151,19.71239
3087691,Puck,Puck,P,PPLA2,11415,82,2211,54.7179,18.40841
3087740,Psary,Psary,P,PPL,1018,72,0220,51.18712,17.03173
3087920,Przeworno,Przeworno,P,PPL,1259,72,0217,50.68629,17.16588
3089217,Piaski,Piaski,P,PPLA3,3157,86,3004,51.88497,17.07293
3089547,Pakość,Pakosc,P,PPLA3,5762,73,0407,52.80178,18.0853
3089684,Ostrów Wielkopolski,Ostrow Wielkopolski,P,PPLA2,72898,86,3017,51.65501,17.80686
3089781,Ostrężnica,Ostreznica,P,PPL,1054,77,1206,50.19262,19.57077
3090082,Olza,Olza,P,PPL,1699,83,2415,49.95393,18.3391
3091265,Myślachowice,Myslachowice,P,PPL,2081,77,1203,50.18514,19.48116
3092669,Lutocin,Lutocin,P,PPLA3,831,78,1437,52.98152,19.76655
3093768,Łazy,Lazy,P,PPL,7166,83,2416,50.42769,19.39465
3094513,Krzepice,Krzepice,P,PPLA3,4479,83,2406,50.97059,18.72886
3094556,Kryspinów,Kryspinow,P,PPL,1360,77,1206,50.0438,19.79822
3094636,Krosno,Krosno,P,PPL,1724,86,3021,52.22357,16.83251
3095209,Korbielów,Korbielow,P,PPL,1191,83,2417,49.5682,19.35001
3095947,Kobylanka,Kobylanka,P,PPLA3,710,87,3214,53.34492,14.87143
3096525,Kartuzy,Kartuzy,P,PPL,15002,82,2205,54.33424,18.19735
3097228,Jenin,Jenin,P,PPL,1100,76,0801,52.69647,15.09796
3097301,Jedlina-Zdrój,Jedlina-Zdroj,P,PPLA3,5062,72,0221,50.72005,16.34645
3097561,Januszkowice,Januszkowice,P,PPL,1091,79,1605,50.39189,18.1368
3097599,Janowice Wielkie,Janowice Wielkie,P,PPL,2100,72,0206,50.87569,15.92322
3097660,Jankowice,Jankowice,P,PPL,2840,83,2410,50.0009,18.98901
3098239,Gronowo Górne,Gronowo Gorne,P,PPL,1270,85,2804,54.13863,19.45988
3098909,Gomunice,Gomunice,P,PPL,1900,74,1012,51.1689,19.49335
3098991,Golczewo,Golczewo,P,PPLA3,2714,87,3207,53.82426,14.97847
3099230,Gliwice,Gliwice,P,PPLA3,198835,83,2466,50.29761,18.67658
3099391,Gidle,Gidle,P,PPL,1540,74,1012,50.96199,19.47181
3099452,Gaszowice,Gaszowice,P,PPLA3,2861,83,2412,50.10858,18.43042
3099873,Dziergowice,Dziergowice,P,PPL,2556,79,1603,50.24248,18.28606
3100266,Dobrzyń nad Wisłą,Dobrzyn nad Wisla,P,PPLA3,2268,73,0408,52.63814,19.31875
753053,Żurawiczki,Zurawiczki,P,PPL,1247,80,1814,50.0137,22.49949
753531,Zbuczyn,Zbuczyn,P,PPLA3,1836,78,1426,52.08974,22.43829
755919,Wieczfnia Kościelna,Wieczfnia Koscielna,P,PPLA3,337,78,1413,53.19534,20.47637
756748,Tryńcza,Tryncza,P,PPLA3,1325,80,1814,50.16087,22.55008
758651,Sokółka,Sokolka,P,PPLA3,19079,81,2011,53.40715,23.50228
759064,Skórzec,Skorzec,P,PPLA3,969,78,1426,52.10727,22.13052
759579,Sarnaki,Sarnaki,P,PPL,1194,78,1410,52.31504,22.89044
760084,Rudka,Rudka,P,PPL,1400,81,2003,52.72439,22.72676
761331,Pozezdrze,Pozezdrze,P,PPL,1320,85,2819,54.14147,21.8597
762126,Piskorowice,Piskorowice,P,PPL,1116,80,1808,50.23579,22.52867
762331,Piekoszów,Piekoszow,P,PPLA3,2671,84,2604,50.88035,20.46418
762788,Otwock,Otwock,P,PPLA3,43388,78,1417,52.10577,21.26129
3100417,Dłutów,Dlutow,P,PPLA3,1000,74,1008,51.55936,19.39198
3101201,Czapury,Czapury,P,PPL,1256,86,3021,52.31719,16.91268
3101695,Chocz,Chocz,P,PPLA3,1700,86,3020,51.97642,17.86995
3102252,Buczkowice,Buczkowice,P,PPL,4102,83,2402,49.72858,19.06908
3102374,Brzeźnica,Brzeznica,P,PPL,1281,77,1218,49.96497,19.61952
3102956,Boniewo,Boniewo,P,PPLA3,700,73,0418,52.46532,18.89116
3103364,Bierutów,Bierutow,P,PPLA3,5065,72,0214,51.12443,17.54607
3103432,Bielice,Bielice,P,PPLA3,560,87,3212,53.20022,14.7276
3103556,Białogard,Bialogard,P,PPL,24368,87,3201,54.00696,15.98751
12047639,Stabłowice,Stablowice,P,PPLX,14099,72,0264,51.15375,16.9002
752968,Żyraków,Zyrakow,P,PPLA3,1400,80,1803,50.08545,21.39622
753004,Zwoleń,Zwolen,P,PPLA2,8048,78,1436,51.35542,21.58768
753885,Zamch,Zamch,P,PPL,1500,75,0602,50.31713,23.02786
755369,Wojsławice,Wojslawice,P,PPL,1600,75,0603,50.91916,23.54602
756092,Wawer,Wawer,P,PPL,77205,78,1465,52.19656,21.17752
756532,Turze Pole,Turze Pole,P,PPL,1040,80,1802,49.66329,22.00476
757386,Szczuczyn,Szczuczyn,P,PPLA3,3552,81,2004,53.5633,22.28534
757886,Suchedniów,Suchedniow,P,PPLA3,9184,84,2610,51.04776,20.82922
758162,Stoczek,Stoczek,P,PPLA3,890,78,1433,52.54332,21.90013
758252,Staszów,Staszow,P,PPLA2,16137,84,2612,50.56307,21.16593
758682,Sochaczew,Sochaczew,P,PPLA2,38267,78,1428,52.22944,20.23838
760054,Rudnik,Rudnik,P,PPLA3,543,75,0606,50.88035,22.97293
760527,Regnów,Regnow,P,PPLA3,340,74,1013,51.7485,20.38711
763401,Odrzykoń,Odrzykon,P,PPL,2950,80,1807,49.74057,21.74074
763454,Obryte,Obryte,P,PPLA3,930,78,1424,52.71633,21.24945
763585,Nowosielce-Gniewosz,Nowosielce-Gniewosz,P,PPL,1200,80,1817,49.56842,22.06947
763945,Niemce,Niemce,P,PPLA3,3161,75,0609,51.36155,22.63939
764572,Mniszków,Mniszkow,P,PPLA3,525,74,1007,51.37017,20.03915
765747,Łukowa,Lukowa,P,PPL,1200,77,1216,50.093,20.97548
768002,Kosów Lacki,Kosow Lacki,P,PPLA3,2090,78,1429,52.59541,22.14707
768163,Koprzywnica,Koprzywnica,P,PPLA3,2536,84,2609,50.5934,21.5838
768827,Kołaczyce,Kolaczyce,P,PPLA3,1316,80,1805,49.80743,21.43407
768861,Kock,Kock,P,PPLA3,3484,75,0608,51.63997,22.44391
769092,Kleszczele,Kleszczele,P,PPL,1410,81,2005,52.57314,23.32539
769364,Kawęczyn Nowy,Kaweczyn Nowy,P,PPLA3,110,74,1015,51.88597,20.24703
770034,Jodłówka,Jodlowka,P,PPL,1822,80,1804,49.8943,22.46653
770269,Jastrzębia,Jastrzebia,P,PPLA3,1011,78,1425,51.49742,21.23709
770706,Jabłonna,Jablonna,P,PPLA3,6552,78,1408,52.37885,20.91745
770911,Husów,Husow,P,PPL,2000,80,1810,49.97971,22.28645
771401,Grodzisk Mazowiecki,Grodzisk Mazowiecki,P,PPLA2,26684,78,1405,52.10387,20.6337
773797,Czermin,Czermin,P,PPL,1557,80,1811,50.33911,21.33356
775138,Brzeźnica,Brzeznica,P,PPL,1171,77,1201,49.95763,20.49139
775840,Blizne,Blizne,P,PPL,3500,80,1802,49.75332,21.97351
3080007,Żórawina,Zorawina,P,PPLA3,2100,72,0223,50.9808,17.03671
3080368,Zebrzydowice,Zebrzydowice,P,PPL,1939,77,1218,49.89032,19.67291
3080696,Zapolice,Zapolice,P,PPLA3,1394,74,1019,51.54319,18.88335
3080931,Zagórnik,Zagornik,P,PPL,2119,77,1218,49.8371,19.37868
3081496,Wolbórz,Wolborz,P,PPLA3,2594,74,1010,51.50196,19.83049
3081826,Witkowo,Witkowo,P,PPLA3,7825,86,3003,52.43964,17.77264
3081832,Witkowice,Witkowice,P,PPL,2136,77,1213,49.90746,19.27963
3083725,Szemud,Szemud,P,PPLA3,1639,82,2215,54.48709,18.2228
3084353,Strzyżowice,Strzyzowice,P,PPL,1783,83,2401,50.38725,19.08038
3084440,Strzegom,Strzegom,P,PPL,16106,72,0219,50.96264,16.35006
3084516,Stronie,Stronie,P,PPL,1200,77,1218,49.83056,19.67497
3085771,Skomlin,Skomlin,P,PPL,1656,74,1017,51.17089,18.38699
3085802,Skępe,Skepe,P,PPLA3,3539,73,0408,52.86798,19.35604
3086001,Sieniawa,Sieniawa,P,PPL,1929,77,1211,49.53947,19.93014
3086469,Rzeczenica,Rzeczenica,P,PPL,1566,82,2203,53.7579,17.10752
3087203,Reńska Wieś,Renska Wies,P,PPLA3,1800,79,1603,50.31587,18.12607
3087256,Rędziny,Redziny,P,PPL,4753,83,2404,50.85922,19.2162
3087520,Radocza,Radocza,P,PPL,1997,77,1218,49.91774,19.47498
3087906,Przodkowo,Przodkowo,P,PPL,1286,82,2205,54.37991,18.2876
3087954,Przemków,Przemkow,P,PPL,6487,72,0216,51.5253,15.79441
3089286,Pełczyce,Pelczyce,P,PPLA3,2808,87,3202,53.04354,15.30447
3089421,Parzęczew,Parzeczew,P,PPLA3,672,74,1020,51.94855,19.20608
3089681,Ostrowy nad Okszą,Ostrowy nad Oksza,P,PPL,1935,83,2406,50.97799,19.05355
3089965,Orzesze,Orzesze,P,PPLA3,18438,83,2408,50.15595,18.77923
3090007,Orle,Orle,P,PPL,1373,82,2215,54.64022,18.17057
3090048,Opole,Opole,P,PPLA,127676,79,1661,50.67211,17.92533
3090105,Olszówka,Olszowka,P,PPLA3,440,86,3009,52.1903,18.86258
3092816,Lubrza,Lubrza,P,PPLA3,995,76,0808,52.30418,15.44317
3093156,Łobodno,Lobodno,P,PPL,1810,83,2406,50.93079,18.9909
3093268,Lipno,Lipno,P,PPLA3,14821,73,0408,52.84436,19.17852
3093315,Lipinki Łużyckie,Lipinki Luzyckie,P,PPLA3,1800,76,0811,51.63954,14.99874
3093433,Ligota,Ligota,P,PPL,4454,83,2402,49.89856,18.9509
3094597,Krupski Młyn,Krupski Mlyn,P,PPLA3,2598,83,2413,50.57337,18.62251
3094794,Kramsk,Kramsk,P,PPLA3,1700,86,3010,52.26469,18.42407
3095049,Koszalin,Koszalin,P,PPLA2,107450,87,3261,54.19438,16.17222
3097107,Jordanów,Jordanow,P,PPLA3,5194,77,1215,49.64935,19.82981
3097391,Jastrzębie Zdrój,Jastrzebie Zdroj,P,PPLA2,95813,83,2467,49.95542,18.57479
3098453,Grabowo Kościerskie,Grabowo Koscierskie,P,PPL,1159,82,2206,54.16816,18.14692
3098575,Gozdowo,Gozdowo,P,PPLA3,1403,78,1427,52.72455,19.68501
3098727,Górzno,Gorzno,P,PPL,1352,73,0402,53.19779,19.64317
3099134,Gniazdów,Gniazdow,P,PPL,1137,83,2409,50.59621,19.11132
3099192,Główczyce,Glowczyce,P,PPLA3,1950,82,2212,54.61935,17.3723
3099434,Gdańsk,Gdansk,P,PPLA,461865,82,2261,54.35227,18.64912
3100124,Drobin,Drobin,P,PPLA3,2938,78,1419,52.73775,19.98928
3100139,Drawsko Pomorskie,Drawsko Pomorskie,P,PPL,11275,87,3203,53.53056,15.80967
3100465,Deszczno,Deszczno,P,PPLA3,1100,76,0801,52.66988,15.31975
3100545,Dębno,Debno,P,PPLA3,13804,87,3210,52.73901,14.698
3100971,Czerwonak,Czerwonak,P,PPLA3,5432,86,3021,52.46459,16.98169
3101145,Czarnków,Czarnkow,P,PPLA3,11562,86,3002,52.90214,16.56413
3101204,Czaplinek,Czaplinek,P,PPL,6933,87,3203,53.55775,16.23333
3101420,Ciechów,Ciechow,P,PPL,1500,72,0218,51.13218,16.56773
3101426,Ciechocinek,Ciechocinek,P,PPLA3,10832,73,0401,52.87908,18.79505
3102999,Bolechowice,Bolechowice,P,PPL,1515,77,1206,50.14831,19.79273
3103016,Bojadła,Bojadla,P,PPLA3,1200,76,0809,51.95321,15.81036
3103096,Bogatynia,Bogatynia,P,PPL,17436,72,0225,50.90747,14.95634
3103154,Bobrowniki,Bobrowniki,P,PPLA3,2926,83,2401,50.37985,18.98661
3103588,Białe Błota,Biale Blota,P,PPL,5989,73,0403,53.09516,17.91621
3103782,Barwałd Górny,Barwald Gorny,P,PPLX,1200,77,1218,49.86211,19.61746
6545347,Praga Północ,Praga Polnoc,P,PPL,93192,78,1465,52.25443,21.03472
7534274,Sztutowo,Sztutowo,P,PPLA3,2988,82,2210,54.32679,19.17921
12047615,Leśnica-Ratyń-Pustki,Lesnica-Ratyn-Pustki,P,PPLX,8724,72,0264,51.14228,16.84773
12047648,Partynice,Partynice,P,PPLX,1991,72,0264,51.06798,17.01394
12047656,Psie Pole Południe-Kiełczów,Psie Pole Poludnie-Kielczow,P,PPLX,5263,72,0264,51.14783,17.12744
12047662,Powstańców Śląskich Wschód,Powstancow Slaskich Wschod,P,PPLX,11456,72,0264,51.09164,17.0247
752963,Żyrzyn,Zyrzyn,P,PPLA3,1400,75,0614,51.49918,22.0917
755754,Wietrzychowice,Wietrzychowice,P,PPLA3,658,77,1216,50.19097,20.76502
755883,Wielka Wieś,Wielka Wies,P,PPL,1425,84,2611,51.07107,20.96655
756046,Węgrów,Wegrow,P,PPLA2,12512,78,1433,52.39954,22.01634
756227,Waksmund,Waksmund,P,PPL,2340,77,1211,49.48207,20.07563
757071,Tarczyn,Tarczyn,P,PPLA3,3904,78,1418,51.98197,20.83394
758071,Stromiec,Stromiec,P,PPLA3,909,78,1401,51.647,21.09229
758697,Sobolew,Sobolew,P,PPLA3,2200,78,1403,51.7366,21.66349
759092,Skołyszyn,Skolyszyn,P,PPLA3,1455,80,1805,49.74955,21.33665
759266,Sieradza,Sieradza,P,PPL,1143,77,1216,50.13499,20.92947
759275,Sienno,Sienno,P,PPLA3,750,78,1409,51.08773,21.48325
759282,Siennica,Siennica,P,PPLA3,2600,78,1412,52.09164,21.61921
759591,Sanok,Sanok,P,PPLA2,39684,80,1817,49.55573,22.2056
759875,Ryczywół,Ryczywol,P,PPL,1300,78,1407,51.69118,21.42197
760624,Raniżów,Ranizow,P,PPLA3,2200,80,1806,50.25873,21.97137
760924,Puławy,Pulawy,P,PPLA2,49759,75,0614,51.41655,21.96939
761145,Przesmyki,Przesmyki,P,PPLA3,670,78,1426,52.26816,22.58394
761388,Poświętne,Poswietne,P,PPLA3,290,78,1434,52.32967,21.42137
762275,Pierzchnica,Pierzchnica,P,PPLA3,1016,84,2604,50.69754,20.75489
764204,Myszyniec,Myszyniec,P,PPLA3,2980,78,1415,53.38055,21.34961
764502,Mogielnica,Mogielnica,P,PPLA3,2453,78,1406,51.69432,20.72227
764917,Miechów,Miechow,P,PPLA2,11735,77,1208,50.35648,20.02788
766044,Łomazy,Lomazy,P,PPLA3,1700,75,0601,51.90435,23.17656
766162,Lipowiec Kościelny,Lipowiec Koscielny,P,PPLA3,870,78,1413,53.10459,20.17639
766357,Łętownia,Letownia,P,PPL,1450,80,1808,50.32481,22.23401
766583,Łęczna,Leczna,P,PPLA2,21719,75,0610,51.30121,22.88135
766692,Łaszczów,Laszczow,P,PPLA3,2341,75,0618,50.53332,23.72562
766810,Łańcut,Lancut,P,PPLA2,18266,80,1810,50.06871,22.22912
767619,Krasnobród,Krasnobrod,P,PPLA3,3075,75,0620,50.54551,23.21308
770295,Jaśliska,Jasliska,P,PPLA3,480,80,1807,49.44229,21.80795
770383,Jarocin,Jarocin,P,PPLA3,1300,80,1812,50.56459,22.32121
770784,Inowłódz,Inowlodz,P,PPLA3,795,74,1016,51.52717,20.223
770996,Horodło,Horodlo,P,PPL,1119,75,0604,50.89459,24.03723
771286,Grzęska,Grzeska,P,PPL,1915,80,1814,50.08303,22.45399
771343,Grudusk,Grudusk,P,PPLA3,1500,78,1402,53.05845,20.62494
771733,Górzno,Gorzno,P,PPLA3,647,78,1403,51.84681,21.70933
771788,Górno,Gorno,P,PPLA3,1500,84,2604,50.84774,20.82501
771993,Godzianów,Godzianow,P,PPLA3,921,74,1015,51.89694,20.03589
772270,Gdów,Gdow,P,PPLA3,4500,77,1219,49.90818,20.19879
772492,Frampol,Frampol,P,PPLA3,1411,75,0602,50.67159,22.67061
774396,Chorkówka,Chorkowka,P,PPLA3,784,80,1807,49.64668,21.67156
774711,Bystra,Bystra,P,PPL,1519,77,1205,49.66235,21.08628
774747,Busko-Zdrój,Busko-Zdroj,P,PPLA2,17095,84,2601,50.47078,20.71884
775775,Bobrowniki,Bobrowniki,P,PPL,1200,74,1005,52.06442,20.01949
776415,Baranów,Baranow,P,PPLA3,1672,75,0614,51.55786,22.13625
3080495,Zbąszyń,Zbaszyn,P,PPLA3,7185,86,3015,52.2509,15.9252
3080634,Zarzecze,Zarzecze,P,PPL,1200,77,1212,50.36715,19.69591
3082012,Wilczogóra,Wilczogora,P,PPL,1198,86,3010,52.47348,18.16744
3082485,Węgorzyno,Wegorzyno,P,PPL,3009,87,3218,53.54101,15.55964
3082556,Wąsosz,Wasosz,P,PPL,2789,72,0204,51.56224,16.69059
3083275,Toporzysko,Toporzysko,P,PPL,1833,77,1215,49.62495,19.80226
3084977,Stanowice,Stanowice,P,PPL,1200,72,0219,50.93106,16.37426
3085848,Skąpe,Skape,P,PPLA3,421,76,0808,52.15292,15.45845
3086010,Siemkowice,Siemkowice,P,PPL,1100,74,1009,51.20194,18.8988
3087410,Radzyń Chełmiński,Radzyn Chelminski,P,PPL,1934,73,0406,53.38509,18.93725
3087742,Psary,Psary,P,PPL,1304,83,2407,50.6147,18.96991
3087773,Przyszowice,Przyszowice,P,PPL,3203,83,2405,50.24841,18.74594
3088315,Popów,Popow,P,PPLA3,0,83,2406,51.04029,18.93117
3088846,Plewiska,Plewiska,P,PPL,5861,86,3021,52.36706,16.80985
3089114,Pielgrzymowice,Pielgrzymowice,P,PPL,2407,83,2410,49.90547,18.64886
3089494,Panki,Panki,P,PPL,1733,83,2406,50.88333,18.7516
3089719,Ostrowite,Ostrowite,P,PPLA3,582,86,3023,52.38199,18.0447
3089779,Ostróda,Ostroda,P,PPLA2,33524,85,2815,53.69671,19.96486
3090205,Oława,Olawa,P,PPL,33029,72,0215,50.9466,17.2926
3091070,Nidek,Nidek,P,PPL,1339,77,1218,49.90492,19.32461
3091997,Miedzno,Miedzno,P,PPL,2529,83,2406,50.96994,18.98111
3092616,Łyszkowice,Lyszkowice,P,PPLA3,1100,74,1005,51.98551,19.90654
3093691,Legnickie Pole,Legnickie Pole,P,PPL,1301,72,0209,51.14419,16.24208
3093935,Lanckorona,Lanckorona,P,PPLA3,2100,77,1218,49.84496,19.71578
3094390,Krzyżowa,Krzyzowa,P,PPL,1400,83,2417,49.59235,19.34469
3094494,Krzeszów,Krzeszow,P,PPL,1527,72,0207,50.73434,16.06991
3094746,Kraszewice,Kraszewice,P,PPLA3,1600,86,3018,51.51868,18.21997
3095833,Kolbudy,Kolbudy,P,PPL,3012,82,2204,54.26989,18.46639
3096687,Kaniów,Kaniow,P,PPL,2978,83,2402,49.94316,19.05098
3096816,Kamienica Polska,Kamienica Polska,P,PPL,1456,83,2404,50.6709,19.12265
3097004,Juszczyna,Juszczyna,P,PPL,1693,83,2417,49.62984,19.22032
3097421,Jastarnia,Jastarnia,P,PPLA3,3925,82,2211,54.6983,18.6773
3098039,Harbutowice,Harbutowice,P,PPL,1519,77,1209,49.81235,19.78045
3099887,Dzięgielów,Dziegielow,P,PPL,1332,83,2403,49.72259,18.70491
3099992,Duszniki-Zdrój,Duszniki-Zdroj,P,PPLA3,4888,72,0208,50.40327,16.39091
3100306,Dobroszyce,Dobroszyce,P,PPL,2376,72,0214,51.26776,17.34205
3100342,Dobrodzień,Dobrodzien,P,PPLA3,4014,79,1608,50.72874,18.44501
3100553,Dębnica Kaszubska,Debnica Kaszubska,P,PPLA3,3220,82,2212,54.37831,17.16116
3101010,Czernichów,Czernichow,P,PPL,1021,83,2417,49.75443,19.20947
3101038,Czermin,Czermin,P,PPLA3,789,86,3020,51.95008,17.74957
3101453,Chyżne,Chyzne,P,PPL,1069,77,1211,49.42672,19.66956
3101471,Chwaszczyno,Chwaszczyno,P,PPL,2678,82,2205,54.44379,18.41875
3101619,Chorzów,Chorzow,P,PPLA3,113430,83,2463,50.30582,18.9742
3102171,Budzów,Budzow,P,PPL,1100,72,0224,50.59337,16.71038
3102459,Brzeg,Brzeg,P,PPLA2,38259,79,1601,50.86079,17.4674
3102677,Braniewo,Braniewo,P,PPLA2,18356,85,2802,54.37971,19.81959
3103034,Boguszów-Gorce,Boguszow-Gorce,P,PPLA3,16726,72,0221,50.75514,16.20494
3103091,Bogdaniec,Bogdaniec,P,PPLA3,1100,76,0801,52.68897,15.07127
3103388,Bierawa,Bierawa,P,PPLA3,1370,79,1603,50.28111,18.24177
3103391,Bieńkówka,Bienkowka,P,PPL,2300,77,1215,49.776,19.77179
3103892,Balin,Balin,P,PPLX,3400,77,1203,50.16799,19.3834
7534412,Pogórze,Pogorze,P,PPL,1851,83,2403,49.79961,18.84327
7534559,Ruda-Huta,Ruda-Huta,P,PPLA3,1076,75,0603,51.23666,23.59486
7576107,Godziszów Pierwszy,Godziszow Pierwszy,P,PPLX,1108,75,0605,50.75753,22.48386
12047653,Osiedle Henrykowskie,Osiedle Henrykowskie,P,PPLX,5384,72,0264,51.08999,17.05289
12199995,Biała Róża,Biala Roza,P,PPLA3,0,74,1010,51.26162,19.54569
753056,Żurawica,Zurawica,P,PPLA3,4702,80,1813,49.82348,22.78925
754454,Wyszków,Wyszkow,P,PPL,26500,78,1435,52.59278,21.4584
756315,Urzędów,Urzedow,P,PPLA3,898,75,0607,50.99323,22.1426
757029,Tarnogród,Tarnogrod,P,PPLA3,3396,75,0602,50.3609,22.74174
757718,Suwałki,Suwalki,P,PPLA2,69222,81,2063,54.11175,22.93087
758343,Stare Babice,Stare Babice,P,PPLA3,1268,78,1432,52.26028,20.83403
758833,Smęgorzów,Smegorzow,P,PPL,1305,77,1204,50.22843,21.00414
759495,Sękowa,Sekowa,P,PPL,1477,77,1205,49.62217,21.19769
759815,Rytro,Rytro,P,PPL,3700,77,1210,49.48904,20.66631
763166,Olsztyn,Olsztyn,P,PPLA,171803,85,2862,53.77995,20.49416
763992,Niedzica,Niedzica,P,PPL,1600,77,1211,49.41008,20.30273
764117,Narol,Narol,P,PPLA3,2098,80,1809,50.34925,23.32679
764860,Miejsce Piastowe,Miejsce Piastowe,P,PPLA3,2000,80,1807,49.6344,21.78735
765804,Ludwin,Ludwin,P,PPLA3,5041,75,0610,51.34605,22.90581
766307,Lidzbark Warmiński,Lidzbark Warminski,P,PPLA3,16540,85,2809,54.12588,20.57954
766585,Lecka,Lecka,P,PPL,1013,80,1816,49.8786,22.01368
766980,Kurów,Kurow,P,PPLA3,2804,75,0614,51.38941,22.18637
767253,Krzynowłoga Mała,Krzynowloga Mala,P,PPLA3,520,78,1422,53.15773,20.78579
767561,Krempna,Krempna,P,PPLA3,500,80,1805,49.51128,21.50042
767720,Kraczkowa,Kraczkowa,P,PPL,3200,80,1810,50.03796,22.16801
769609,Kamionka Wielka,Kamionka Wielka,P,PPL,2925,77,1210,49.56848,20.82364
769981,Józefów,Jozefow,P,PPLA3,17910,78,1417,52.13707,21.23589
770028,Joniec,Joniec,P,PPLA3,270,78,1420,52.60128,20.58177
770341,Jasieniec,Jasieniec,P,PPL,1109,78,1406,51.82104,20.94099
770661,Jadowniki,Jadowniki,P,PPL,4975,77,1202,49.95884,20.64434
770798,Iłów,Ilow,P,PPLA3,690,78,1428,52.33953,20.0273
771001,Hornówek,Hornowek,P,PPL,1054,78,1432,52.28638,20.80793
771348,Grudki,Grudki,P,PPL,5822,81,2002,53.09488,23.66848
772470,Fredropol,Fredropol,P,PPLA3,600,80,1813,49.69578,22.74625
772667,Dziewin,Dziewin,P,PPL,1044,77,1201,50.07554,20.45491
772747,Działoszyce,Dzialoszyce,P,PPLA3,1040,84,2608,50.36534,20.35226
776808,Abramów,Abramow,P,PPLA3,713,75,0608,51.45647,22.31521
3081036,Żabnica,Zabnica,P,PPL,3120,83,2417,49.58139,19.15621
3083752,Szczyrk,Szczyrk,P,PPLA3,5860,83,2402,49.71724,19.03183
3084324,Studzionka,Studzionka,P,PPL,2000,83,2410,49.96232,18.7728
3084334,Studzienice,Studzienice,P,PPLA3,816,82,2201,54.09262,17.57581
3084515,Stronie Śląskie,Stronie Slaskie,P,PPL,6192,72,0208,50.29554,16.87397
3084569,Stoszowice,Stoszowice,P,PPL,1100,72,0224,50.59986,16.73896
3085520,Słońsk,Slonsk,P,PPLA3,3000,76,0807,52.56345,14.80526
3085565,Śliwice,Sliwice,P,PPLA3,4600,73,0416,53.70875,18.1737
3085925,Siewierz,Siewierz,P,PPLA3,5417,83,2401,50.46657,19.23028
3085976,Sieraków Śląski,Sierakow Slaski,P,PPL,1704,83,2407,50.8029,18.57548
3086377,Sadki,Sadki,P,PPLA3,2000,73,0410,53.16036,17.44912
3086654,Rusiec,Rusiec,P,PPLA3,1500,74,1001,51.32444,18.98506
3087027,Rokitno Szlacheckie,Rokitno Szlacheckie,P,PPL,1094,83,2416,50.43195,19.43293
3087047,Rokiciny,Rokiciny,P,PPL,1491,77,1211,49.57243,19.92302
3087559,Rączna,Raczna,P,PPL,1736,77,1206,50.00984,19.76784
3087896,Przyborów,Przyborow,P,PPL,1793,83,2417,49.6215,19.38701
3087994,Przedbórz,Przedborz,P,PPLA3,3765,74,1012,51.08789,19.87384
3088548,Pogorzela,Pogorzela,P,PPLA3,2015,86,3004,51.8222,17.23017
3088749,Pobiedziska,Pobiedziska,P,PPLA3,8677,86,3021,52.47753,17.28767
3089583,Ozimek,Ozimek,P,PPL,9963,79,1609,50.67944,18.2137
3089924,Osiek,Osiek,P,PPLA3,8000,77,1213,49.95067,19.26444
3090452,Nowy Tomyśl,Nowy Tomysl,P,PPLA3,15179,86,3015,52.3195,16.12844
3091332,Mrzezino,Mrzezino,P,PPL,2312,82,2211,54.65378,18.43025
3091598,Mników,Mnikow,P,PPL,1212,77,1206,50.06044,19.72595
3093035,Lubanie,Lubanie,P,PPLA3,810,73,0418,52.74689,18.9194
3094003,Łagiewniki,Lagiewniki,P,PPL,2900,72,0202,50.79088,16.84457
3094625,Krotoszyn,Krotoszyn,P,PPLA3,29231,86,3012,51.69868,17.43738
3094898,Koziegłowy,Kozieglowy,P,PPLA3,2481,83,2409,50.60035,19.16299
3095126,Kościerzyna,Koscierzyna,P,PPL,23361,82,2206,54.12226,17.98119
3095140,Kościelisko,Koscielisko,P,PPLA3,3900,77,1217,49.29073,19.88929
3095834,Kołbaskowo,Kolbaskowo,P,PPLA3,410,87,3211,53.33641,14.43835
3096844,Kamień,Kamien,P,PPL,1470,77,1206,50.01215,19.58536
3096966,Kaczory,Kaczory,P,PPL,2911,86,3019,53.10348,16.88169
3098200,Gryfino,Gryfino,P,PPLA3,21270,87,3206,53.25243,14.48831
3098865,Górażdże,Gorazdze,P,PPL,1073,79,1605,50.52903,18.01003
3099352,Gilowice,Gilowice,P,PPL,4259,83,2417,49.71277,19.31045
3100212,Domaniewice,Domaniewice,P,PPLA3,906,74,1005,52.00623,19.80294
3101321,Cieszyn,Cieszyn,P,PPLA3,35586,83,2403,49.75133,18.63213
3101950,Bytom,Bytom,P,PPLA3,189186,83,2462,50.34802,18.93282
3102599,Brójce,Brojce,P,PPLA3,385,74,1006,51.66436,19.64802
3102615,Brody,Brody,P,PPLA3,1070,76,0811,51.79046,14.77335
3103008,Bojanowo Stare,Bojanowo Stare,P,PPL,1692,86,3011,51.99302,16.58369
3103781,Barwałd Średni,Barwald Sredni,P,PPLX,1360,77,1218,49.86632,19.5936
3103856,Barcin,Barcin,P,PPLA3,7682,73,0419,52.86607,17.94625
3104127,Alwernia,Alwernia,P,PPLA3,3362,77,1203,50.06056,19.53953
7534548,Biskupiec,Biskupiec,P,PPL,1927,85,2812,53.50056,19.35056
7535565,Biała,Biala,P,PPLA3,613,78,1419,52.60524,19.64956
7576105,Bełżec,Belzec,P,PPLA3,2723,75,0618,50.38453,23.43839
7576318,Zdziechowice Drugie,Zdziechowice Drugie,P,PPL,1091,80,1818,50.78478,22.10999
12047631,Biskupin,Biskupin,P,PPLX,11292,72,0264,51.10097,17.10442
753787,Żarnów,Zarnow,P,PPLA3,870,74,1007,51.24607,20.17476
753955,Zalesie Górne,Zalesie Gorne,P,PPL,3099,78,1418,52.02768,21.03659
755098,Wola Zabierzowska,Wola Zabierzowska,P,PPL,1177,77,1219,50.07257,20.33217
755439,Wodzisław,Wodzislaw,P,PPLA3,1100,84,2602,50.52047,20.1915
755474,Włodawa,Wlodawa,P,PPLA3,13142,75,0619,51.55,23.55
755823,Wierzawice,Wierzawice,P,PPL,3408,80,1808,50.23623,22.4509
755885,Wielka Wieś,Wielka Wies,P,PPL,1311,77,1216,49.93631,20.82304
756295,Uścimów Stary,Uscimow Stary,P,PPLA3,346,75,0608,51.46962,22.95516
756484,Tykocin,Tykocin,P,PPLA3,1907,81,2002,53.20567,22.77457
757472,Szastarka,Szastarka,P,PPLA3,983,75,0607,50.85527,22.31971
757850,Suchowola,Suchowola,P,PPLA3,2211,81,2011,53.57753,23.10596
758853,Słupiec,Slupiec,P,PPL,1118,77,1204,50.32787,21.19374
759317,Siemiechów,Siemiechow,P,PPL,1890,77,1216,49.85359,20.90595
759398,Siedliska,Siedliska,P,PPL,1700,80,1816,49.95409,21.94742
759603,Sandomierz,Sandomierz,P,PPLA2,25087,84,2609,50.68265,21.74898
759895,Rybno,Rybno,P,PPLA3,607,78,1428,52.24278,20.10301
759981,Rusinów,Rusinow,P,PPLA3,751,78,1423,51.43678,20.58701
760308,Rossosz,Rossosz,P,PPLA3,0,75,0601,51.85836,23.1374
760727,Radymno,Radymno,P,PPL,5464,80,1804,49.9472,22.82375
760783,Radłów,Radlow,P,PPLA3,2793,77,1216,50.08419,20.84967
761085,Przybyszówka,Przybyszowka,P,PPL,2000,80,1863,50.04788,21.92579
761921,Podegrodzie,Podegrodzie,P,PPLA3,1902,77,1210,49.57688,20.58855
762863,Ostrowiec Świętokrzyski,Ostrowiec Swietokrzyski,P,PPLA2,73989,84,2607,50.92936,21.38525
764028,Niebylec,Niebylec,P,PPLA3,594,80,1819,49.85669,21.90348
764312,Mrągowo,Mragowo,P,PPLA2,21965,85,2810,53.86437,21.30507
764968,Michałów,Michalow,P,PPL,1485,75,0618,50.54709,23.60361
764969,Michałów,Michalow,P,PPLA3,1133,84,2608,50.49541,20.46178
765177,Markuszów,Markuszow,P,PPLA3,1600,75,0614,51.37457,22.25804
766137,Lipsko,Lipsko,P,PPLA2,5723,78,1409,51.15954,21.64933
766301,Limanowa,Limanowa,P,PPL,14738,77,1207,49.70594,20.42204
766373,Leszno,Leszno,P,PPLA3,3253,78,1432,52.25799,20.59121
767647,Krasne,Krasne,P,PPLA3,1000,78,1422,52.92401,20.96732
767653,Krasne,Krasne,P,PPLA3,3500,80,1816,50.05626,22.08638
768987,Kluszkowce,Kluszkowce,P,PPL,1820,77,1211,49.451,20.30179
769719,Kamień,Kamien,P,PPLA3,2700,80,1816,50.34064,22.13539
769979,Józefów,Jozefow,P,PPL,1766,78,1432,52.19446,20.69592
771590,Grabowiec,Grabowiec,P,PPLA3,922,75,0620,50.8209,23.55057
772195,Giżycko,Gizycko,P,PPLA3,29972,85,2806,54.03811,21.76441
772313,Gąsocin,Gasocin,P,PPL,1238,78,1402,52.73754,20.7118
772621,Ełk,Elk,P,PPLA2,55769,85,2805,53.82824,22.36469
772897,Dubiecko,Dubiecko,P,PPLA3,1150,80,1813,49.82608,22.39117
773453,Daleszyce,Daleszyce,P,PPLA3,2932,84,2604,50.80229,20.80791
775136,Brzeźnica,Brzeznica,P,PPL,2800,80,1803,50.10065,21.48025
775917,Binarowa,Binarowa,P,PPL,1763,77,1205,49.75621,21.22816
775996,Bieliny,Bieliny,P,PPLA3,1900,84,2604,50.84947,20.94149
776029,Bielany,Bielany,P,PPL,134854,78,1465,52.29242,20.93531
3080530,Zawidz,Zawidz,P,PPLA3,956,78,1427,52.82745,19.87367
3080807,Zalas,Zalas,P,PPL,2240,77,1206,50.08033,19.62132
3081368,Wrocław,Wroclaw,P,PPLA,634893,72,0264,51.1,17.03333
3081495,Wolbrom,Wolbrom,P,PPLA3,9146,77,1212,50.37957,19.75831
3081525,Wola Radziszowska,Wola Radziszowska,P,PPL,2300,77,1206,49.90558,19.78827
3081741,Włocławek,Wloclawek,P,PPLA2,120339,73,0464,52.64817,19.0678
3082016,Wilcza,Wilcza,P,PPL,2063,83,2405,50.18899,18.59668
3082704,Wałcz,Walcz,P,PPLA3,25971,87,3217,53.27787,16.47122
3083829,Szczecin,Szczecin,P,PPLA,407811,87,3262,53.42894,14.55302
3083847,Szczaniec,Szczaniec,P,PPLA3,1473,76,0808,52.26874,15.6817
3084029,Świerklany Górne,Swierklany Gorne,P,PPL,3912,83,2412,50.02765,18.5905
3084074,Świecie,Swiecie,P,PPL,25843,73,0414,53.40953,18.44742
3084084,Świebodzice,Swiebodzice,P,PPLA3,23228,72,0219,50.85974,16.31966
3084647,Stęszew,Steszew,P,PPL,5596,86,3021,52.2837,16.70085
3084759,Stary Targ,Stary Targ,P,PPL,1162,82,2216,53.92335,19.17003
3084870,Stare Miasto,Stare Miasto,P,PPLA3,1500,86,3010,52.17972,18.21499
3085018,Stanisław Górny,Stanislaw Gorny,P,PPL,1017,77,1218,49.91155,19.62931
3085357,Smolec,Smolec,P,PPL,2795,72,0223,51.07322,16.88221
3085480,Słupia,Slupia,P,PPLA3,937,84,2602,50.60073,19.97435
3085494,Słubice,Slubice,P,PPLA3,2110,78,1419,52.36942,19.93881
3085809,Skawica,Skawica,P,PPL,2600,77,1215,49.67718,19.62321
3086024,Siemianowice Śląskie,Siemianowice Slaskie,P,PPLA2,73121,83,2474,50.32738,19.02901
3086192,Secemin,Secemin,P,PPL,1600,84,2613,50.76676,19.83599
3087630,Pyrzyce,Pyrzyce,P,PPLA2,12893,87,3212,53.1462,14.89257
3087640,Puszczykowo,Puszczykowo,P,PPLA3,9143,86,3021,52.2857,16.84925
3087744,Psary,Psary,P,PPL,1429,77,1203,50.17242,19.52953
3088192,Powidz,Powidz,P,PPLA3,1000,86,3023,52.41362,17.91926
3088341,Ponikiew,Ponikiew,P,PPL,1237,77,1218,49.83311,19.46571
3088574,Podwilk,Podwilk,P,PPL,2396,77,1211,49.5476,19.73874
3088774,Płużnica,Pluznica,P,PPLA3,543,73,0417,53.29672,18.77692
3089332,Pawłowiczki,Pawlowiczki,P,PPLA3,1300,79,1603,50.2466,18.04865
3090022,Orchowo,Orchowo,P,PPLA3,1210,86,3023,52.50938,18.01578
3090373,Obrowo,Obrowo,P,PPLA3,1410,73,0415,52.97149,18.87863
3090764,Nowa Sól,Nowa Sol,P,PPLA2,40354,76,0804,51.80333,15.71702
3091336,Mrozów,Mrozow,P,PPL,1100,72,0218,51.18817,16.78831
3091757,Miłosław,Miloslaw,P,PPLA3,3560,86,3030,52.20318,17.48955
3091861,Mieszkowice,Mieszkowice,P,PPLA3,3562,87,3206,52.7873,14.49346
3091954,Miękinia,Miekinia,P,PPL,1232,77,1206,50.15557,19.60871
3091974,Międzylesie,Miedzylesie,P,PPL,1971,76,0808,52.14487,15.38283
3092195,Maszewo Duże,Maszewo Duze,P,PPL,1332,78,1419,52.58026,19.62905
3092276,Markłowice,Marklowice,P,PPLA3,5173,83,2415,50.01695,18.52098
3092643,Luzino,Luzino,P,PPL,7056,82,2215,54.56604,18.10907
3092742,Ludźmierz,Ludzmierz,P,PPL,2400,77,1211,49.46656,19.9825
3092813,Lubsko,Lubsko,P,PPLA3,14994,76,0811,51.78467,14.97196
3093136,Łodygowice,Lodygowice,P,PPLA3,6925,83,2417,49.72992,19.13939
3093785,Łaziska Górne,Laziska Gorne,P,PPLA3,21983,83,2408,50.14952,18.84215
3094016,Lądek-Zdrój,Ladek-Zdroj,P,PPLA3,6140,72,0208,50.34371,16.87946
3094303,Kudowa-Zdrój,Kudowa-Zdroj,P,PPLA3,10176,72,0208,50.44297,16.24397
3094495,Krzeszów,Krzeszow,P,PPL,1618,77,1215,49.75915,19.48915
3095147,Kościelec,Koscielec,P,PPL,1706,83,2404,50.89713,19.2156
3095153,Kosakowo,Kosakowo,P,PPLA3,750,82,2211,54.58927,18.48484
3095335,Kończyce Wielkie,Konczyce Wielkie,P,PPL,1844,83,2403,49.8351,18.64474
3096576,Karpacz,Karpacz,P,PPLA3,4979,72,0206,50.77669,15.75594
3096701,Kamyk,Kamyk,P,PPL,1245,83,2406,50.90179,19.02875
3096964,Kaczyce,Kaczyce,P,PPL,3056,83,2403,49.82752,18.59161
3097232,Jemielno,Jemielno,P,PPLA3,0,72,0204,51.52434,16.54326
3098173,Grzegorzew,Grzegorzew,P,PPLA3,1650,86,3009,52.20177,18.73409
3099213,Głogów,Glogow,P,PPL,67317,72,0203,51.66361,16.0845
3099343,Gizałki,Gizalki,P,PPLA3,583,86,3020,52.04267,17.76936
3099630,Frydek,Frydek,P,PPL,1019,83,2410,49.99626,19.07278
3100162,Doruchów,Doruchow,P,PPLA3,2400,86,3018,51.41719,18.07697
3100976,Czerwieńsk,Czerwiensk,P,PPLA3,4197,76,0809,52.01289,15.42317
3101161,Czarne,Czarne,P,PPLA3,6035,82,2203,53.6842,16.93834
3101660,Chojnów,Chojnow,P,PPLA3,14209,72,0209,51.27373,15.93661
3101734,Chmielno,Chmielno,P,PPLA3,1580,82,2205,54.32543,18.0986
3102283,Brzuze,Brzuze,P,PPLA3,449,73,0412,53.05458,19.26195
3102390,Brzeziny,Brzeziny,P,PPLA2,12289,74,1021,51.80023,19.75144
3102747,Borzęta,Borzeta,P,PPL,1269,77,1209,49.86228,19.97924
3102987,Bolesławiec,Boleslawiec,P,PPLA3,40682,72,0201,51.26418,15.5697
3103274,Blachownia,Blachownia,P,PPLA3,9891,83,2404,50.78015,18.96389
3103386,Bierdzany,Bierdzany,P,PPL,1072,79,1609,50.81852,18.15808
3103971,Bachowice,Bachowice,P,PPL,2234,77,1218,49.95812,19.49369
7535492,Lubicz Dolny,Lubicz Dolny,P,PPL,2700,73,0415,53.03151,18.74559
7535672,Łętownia,Letownia,P,PPL,2800,77,1215,49.69745,19.87109
7576667,Nowe Grocholice,Nowe Grocholice,P,PPL,1106,78,1421,52.15924,20.9111
12047627,Grabiszyn,Grabiszyn,P,PPLX,2175,72,0264,51.09369,16.97819
12047637,Złotniki,Zlotniki,P,PPLX,5373,72,0264,51.13769,16.88923
753549,Zbójna,Zbojna,P,PPL,1100,81,2007,53.24293,21.78812
754027,Zakrzówek,Zakrzowek,P,PPLA3,1400,75,0607,50.95124,22.38138
754364,Zabierzów Bocheński,Zabierzow Bochenski,P,PPL,1700,77,1219,50.06821,20.31896
755571,Wiśniowa,Wisniowa,P,PPLA3,1826,80,1819,49.86897,21.65508
756109,Waśniów,Wasniow,P,PPLA3,460,84,2607,50.89914,21.22301
756316,Urszulin,Urszulin,P,PPL,1003,75,0619,51.3939,23.1948
756769,Truskaw,Truskaw,P,PPL,1440,78,1432,52.30124,20.78244
758850,Słupno,Slupno,P,PPL,1500,78,1434,52.38409,21.15572
759140,Skarżysko Kościelne,Skarzysko Koscielne,P,PPLA3,2700,84,2610,51.13822,20.91196
759141,Skarżysko-Kamienna,Skarzysko-Kamienna,P,PPLA2,49410,84,2610,51.11311,20.87162
759325,Siemiątkowo,Siemiatkowo,P,PPLA3,432,78,1437,52.8811,20.02893
759946,Rutki,Rutki,P,PPLA3,0,81,2014,53.09119,22.43539
760254,Siennica Różana,Siennica Rozana,P,PPLA3,1000,75,0606,51.00123,23.3226
760255,Różan,Rozan,P,PPLA3,2619,78,1411,52.88757,21.39105
760516,Rejowiec Fabryczny,Rejowiec Fabryczny,P,PPLA3,4474,75,0603,51.11414,23.24724
760892,Puszcza Mariańska,Puszcza Marianska,P,PPLA3,500,78,1438,51.97901,20.35037
761101,Przyborów,Przyborow,P,PPL,1757,77,1202,50.03035,20.66279
761663,Pokrzywnica,Pokrzywnica,P,PPLA3,510,78,1424,52.62072,21.01925
762643,Parczew,Parczew,P,PPLA2,10249,75,0613,51.64021,22.90057
762664,Paprotnia,Paprotnia,P,PPL,1539,78,1428,52.20513,20.4232
762841,Ostrowsko,Ostrowsko,P,PPL,1274,77,1211,49.47616,20.10052
763120,Opatowiec,Opatowiec,P,PPLA3,410,84,2603,50.24314,20.72348
763244,Olszanica,Olszanica,P,PPLA3,1100,80,1821,49.47741,22.44382
766042,Łomianki,Lomianki,P,PPLA3,15315,78,1432,52.33413,20.88602
766132,Lisia Góra,Lisia Gora,P,PPLA3,3019,77,1216,50.08039,21.04397
766877,Łącko,Lacko,P,PPLA3,2875,77,1210,49.55757,20.43586
766899,Łabowa,Labowa,P,PPL,1100,77,1210,49.52766,20.85497
767604,Krasocin,Krasocin,P,PPL,1123,84,2613,50.88874,20.11863
768267,Konieczkowa,Konieczkowa,P,PPL,1500,80,1819,49.84208,21.9282
769106,Klembów,Klembow,P,PPLA3,920,78,1434,52.4065,21.33176
769274,Kętrzyn,Ketrzyn,P,PPL,27478,85,2808,54.07676,21.37527
770659,Jadowniki Mokre,Jadowniki Mokre,P,PPL,1004,77,1216,50.16546,20.72845
771317,Gruszów Wielki,Gruszow Wielki,P,PPL,1189,77,1204,50.19163,21.03144
771901,Gołymin-Ośrodek,Golymin-Osrodek,P,PPLA3,700,78,1402,52.808,20.87325
771955,Golcowa,Golcowa,P,PPL,2200,80,1802,49.77162,22.02501
772982,Drelów,Drelow,P,PPLA3,900,75,0601,51.91219,22.87165
773149,Dobre,Dobre,P,PPLA3,1627,78,1412,52.32097,21.67881
773695,Czudec,Czudec,P,PPLA3,2900,80,1819,49.94487,21.84134
775423,Borzęcin,Borzecin,P,PPLA3,3865,77,1202,50.0654,20.71103
775890,Biskupiec,Biskupiec,P,PPLA3,10340,85,2814,53.86467,20.95692
3080675,Żarki,Zarki,P,PPL,3793,77,1203,50.08259,19.35199
3081324,Września,Wrzesnia,P,PPLA2,28703,86,3030,52.32512,17.56519
3082678,Walim,Walim,P,PPL,2763,72,0221,50.69749,16.44482
3082734,Wąbrzeźno,Wabrzezno,P,PPLA2,13911,73,0417,53.27989,18.94773
3083334,Tolkmicko,Tolkmicko,P,PPLA3,2700,85,2804,54.32038,19.52695
3083958,Świnna,Swinna,P,PPL,1891,83,2417,49.65802,19.25406
3084020,Świerzno,Swierzno,P,PPLA3,670,87,3207,53.96497,14.96544
3084426,Strzelce,Strzelce,P,PPLA3,746,74,1002,52.31478,19.40701
3085134,Sośno,Sosno,P,PPLA3,980,73,0413,53.38922,17.68713
3086511,Rypin,Rypin,P,PPLA2,16589,73,0412,53.06603,19.40941
3086775,Rudna,Rudna,P,PPL,1619,72,0211,51.50981,16.26363
3087109,Rogów,Rogow,P,PPLA3,1500,74,1021,51.81758,19.88654
3087112,Rogów,Rogow,P,PPL,2961,83,2415,49.99097,18.35077
3087330,Raszowa,Raszowa,P,PPL,1041,79,1611,50.39779,18.17722
3087383,Rakoniewice,Rakoniewice,P,PPLA3,3322,86,3005,52.13906,16.27346
3087431,Radziechowy,Radziechowy,P,PPL,4541,83,2417,49.64651,19.13115
3087613,Raba Wyżna,Raba Wyzna,P,PPL,4116,77,1211,49.56681,19.87967
3087905,Przybiernów,Przybiernow,P,PPLA3,1700,87,3204,53.7578,14.78529
3088065,Prudnik,Prudnik,P,PPLA2,23343,79,1610,50.32124,17.57461
3088825,Płock,Plock,P,PPLA2,127474,78,1462,52.54682,19.70638
3089316,Pawonków,Pawonkow,P,PPL,1496,83,2407,50.69499,18.58149
3089891,Osiek nad Notecią,Osiek nad Notecia,P,PPL,4000,86,3019,53.1203,17.29102
3090043,Oporów,Oporow,P,PPLA3,280,74,1002,52.26448,19.56416
3090104,Olsztyn,Olsztyn,P,PPLA3,2331,83,2404,50.75185,19.26737
3091031,Niedobczyce,Niedobczyce,P,PPLX,13500,83,2473,50.0654,18.49531
3091217,Myszków,Myszkow,P,PPLA3,33273,83,2409,50.5752,19.32461
3091462,Morąg,Morag,P,PPLA3,14745,85,2815,53.91711,19.92602
3091953,Miękinia,Miekinia,P,PPLA3,2500,72,0218,51.18844,16.73595
3092646,Lututów,Lututow,P,PPLA3,1432,74,1018,51.37033,18.4348
3093028,Lubawa,Lubawa,P,PPLA3,9302,85,2807,53.50428,19.74966
3093029,Lubasz,Lubasz,P,PPLA3,2861,86,3002,52.85213,16.52344
3093192,Lisków,Liskow,P,PPL,1858,86,3007,51.83313,18.39789
3093457,Libiąż,Libiaz,P,PPLA3,17834,77,1203,50.10396,19.31568
3093651,Łęki Szlacheckie,Leki Szlacheckie,P,PPLA3,450,74,1010,51.18774,19.79796
3094361,Książenice,Ksiazenice,P,PPL,2459,83,2412,50.15524,18.59925
3096353,Kępice,Kepice,P,PPLA3,3756,82,2212,54.24111,16.88968
3096640,Kargowa,Kargowa,P,PPLA3,3649,76,0809,52.0714,15.86138
3098619,Gostynin,Gostynin,P,PPLA2,18976,78,1404,52.42938,19.46194
3098709,Gorzyce,Gorzyce,P,PPLA3,2435,83,2415,49.95945,18.39884
3098735,Gorzkowice,Gorzkowice,P,PPLA3,3310,74,1010,51.21533,19.59626
3099146,Głuszyca,Gluszyca,P,PPL,6897,72,0221,50.68743,16.37173
3100366,Dobra,Dobra,P,PPLA3,1450,86,3027,51.91664,18.61556
3100802,Dąbrowa Chełmińska,Dabrowa Chelminska,P,PPL,1400,73,0403,53.17518,18.30537
3101415,Cięcina,Ciecina,P,PPL,4373,83,2417,49.6022,19.14102
3101902,Cekcyn,Cekcyn,P,PPLA3,1710,73,0416,53.57294,18.01123
3103760,Bażanowice,Bazanowice,P,PPL,1161,83,2403,49.73791,18.70345
3103882,Banino,Banino,P,PPL,2593,82,2205,54.39215,18.40622
7535938,Skarbimierz Osiedle,Skarbimierz Osiedle,P,PPLA3,1845,79,1601,50.84584,17.41865
7576424,Radwanice,Radwanice,P,PPL,2446,72,0223,51.05413,17.10932
11694566,Łęki Dukielskie,Leki Dukielskie,P,PPL,1585,80,1807,49.59959,21.67663
12047657,Krzyki,Krzyki,P,PPLX,12993,72,0264,51.07085,16.99475
754479,Wysokie Mazowieckie,Wysokie Mazowieckie,P,PPL,9203,81,2013,52.91661,22.51712
755848,Wieniawa,Wieniawa,P,PPLA3,687,78,1423,51.36171,20.79489
756280,Ustrzyki Dolne,Ustrzyki Dolne,P,PPLA2,9610,80,1801,49.4304,22.59381
756688,Trzebownisko,Trzebownisko,P,PPLA3,3084,80,1816,50.07829,22.03712
756771,Troszyn,Troszyn,P,PPLA3,688,78,1415,53.03115,21.73083
756826,Trąbki,Trabki,P,PPL,1200,77,1219,49.96226,20.1424
757343,Szelków,Szelkow,P,PPLA3,284,78,1411,52.83487,21.21769
757692,Świdnik,Swidnik,P,PPL,40050,75,0617,51.21898,22.69621
757773,Sułów,Sulow,P,PPL,1115,75,0607,50.90661,22.36061
759726,Rzewnie,Rzewnie,P,PPLA3,293,78,1411,52.83508,21.33682
759757,Rzekuń,Rzekun,P,PPLA3,1800,78,1415,53.04756,21.62069
760404,Rokietnica,Rokietnica,P,PPLA3,2500,80,1804,49.89983,22.64171
761356,Potok Wielki,Potok Wielki,P,PPLA3,502,75,0605,50.7915,22.21642
762120,Pisz,Pisz,P,PPLA3,19232,85,2816,53.62744,21.81253
763063,Orońsko,Oronsko,P,PPLA3,1200,78,1430,51.31339,20.99067
763260,Oleszyce,Oleszyce,P,PPLA3,5193,80,1809,50.1675,23.03481
763545,Nowy Korczyn,Nowy Korczyn,P,PPLA3,1032,84,2601,50.30124,20.80759
763946,Nielisz,Nielisz,P,PPLA3,920,75,0620,50.80067,23.04451
763987,Niedźwiada,Niedzwiada,P,PPLA3,754,75,0608,51.54409,22.6914
766197,Lipnik,Lipnik,P,PPL,1600,77,1209,49.78902,20.08455
767435,Kruklanki,Kruklanki,P,PPL,1100,85,2806,54.08855,21.92227
767908,Kotuń,Kotun,P,PPLA3,2503,78,1426,52.17643,22.06819
768846,Kodeń,Koden,P,PPLA3,1900,75,0601,51.91171,23.60301
770008,Józefosław,Jozefoslaw,P,PPL,4484,78,1418,52.1005,21.04629
770456,Janowice,Janowice,P,PPL,1279,77,1216,49.89154,20.86081
770763,Iwierzyce,Iwierzyce,P,PPLA3,940,80,1815,50.02958,21.75396
771779,Górowo Iławeckie,Gorowo Ilaweckie,P,PPLA3,4900,85,2801,54.28559,20.48886
771876,Goraj,Goraj,P,PPLA3,1048,75,0602,50.72184,22.66651
771893,Goniadz,Goniadz,P,PPL,1954,81,2008,53.48953,22.73578
775334,Brochów,Brochow,P,PPLA3,400,78,1428,52.3195,20.26257
775359,Brańsk,Bransk,P,PPLA3,3822,81,2003,52.7444,22.83774
775836,Bliżyn,Blizyn,P,PPLA3,2000,84,2610,51.10778,20.75935
775894,Biskupice Radłowskie,Biskupice Radlowskie,P,PPL,1091,77,1216,50.12069,20.85943
3081699,Włoszczowa,Wloszczowa,P,PPLA3,10661,84,2613,50.85256,19.96593
3082193,Wieprz,Wieprz,P,PPL,3535,83,2417,49.64746,19.18007
3082801,Uniejów,Uniejow,P,PPLA3,2932,74,1011,51.97428,18.79308
3083441,Tarnów Opolski,Tarnow Opolski,P,PPL,3800,79,1609,50.57631,18.08367
3083909,Sypniewo,Sypniewo,P,PPL,1300,73,0413,53.36981,17.3269
3084421,Strzelce Krajeńskie,Strzelce Krajenskie,P,PPLA2,9978,76,0806,52.87726,15.52978
3084460,Stryszawa,Stryszawa,P,PPLA3,5266,77,1215,49.71327,19.52185
3084483,Strumień,Strumien,P,PPLA3,3419,83,2403,49.92103,18.76637
3084824,Starokrzepice,Starokrzepice,P,PPL,1319,83,2406,50.94859,18.65341
3085656,Skwierzyna,Skwierzyna,P,PPLA3,10051,76,0803,52.59914,15.50652
3086992,Rościszewo,Rosciszewo,P,PPLA3,668,78,1427,52.90331,19.77419
3087771,Przytkowice,Przytkowice,P,PPL,2560,77,1218,49.91785,19.6857
3088550,Pogórze,Pogorze,P,PPL,1123,82,2262,54.5644,18.48209
3089098,Pieńsk,Piensk,P,PPLA3,5813,72,0225,51.249,15.04685
3089267,Perzów,Perzow,P,PPLA3,774,86,3008,51.27625,17.8097
3090245,Okonek,Okonek,P,PPLA3,3833,86,3031,53.53618,16.85158
3090967,Niemcza,Niemcza,P,PPL,3110,72,0202,50.72007,16.83573
3091154,Nakło,Naklo,P,PPL,3824,83,2413,50.4369,18.91056
3091269,Mykanów,Mykanow,P,PPL,1002,83,2404,50.9236,19.2005
3092817,Lubrza,Lubrza,P,PPLA3,988,79,1610,50.33631,17.62636
3092866,Lubomierz,Lubomierz,P,PPLA3,1816,72,0212,51.01278,15.50969
3092899,Łubniany,Lubniany,P,PPL,1610,79,1609,50.78597,18.0011
3092909,Lublewo Gdańskie,Lublewo Gdanskie,P,PPL,1100,82,2204,54.28457,18.50389
3093161,Lniano,Lniano,P,PPL,1200,73,0414,53.52801,18.21267
3094488,Krzeszyce,Krzeszyce,P,PPLA3,1400,76,0807,52.58329,15.00707
3094683,Kroczyce,Kroczyce,P,PPL,1699,83,2416,50.56176,19.57
3094788,Krapkowice,Krapkowice,P,PPLA2,18275,79,1605,50.47515,17.96539
3094832,Kożuchów,Kozuchow,P,PPLA3,9679,76,0804,51.74558,15.59492
3094849,Koźminek,Kozminek,P,PPL,1800,86,3007,51.79874,18.33893
3096002,Klucze,Klucze,P,PPL,5926,77,1212,50.33565,19.56236
3096220,Kikół,Kikol,P,PPLA3,1500,73,0408,52.90994,19.12016
3096852,Kalwaria Zebrzydowska,Kalwaria Zebrzydowska,P,PPLA3,4429,77,1218,49.86759,19.6772
3098182,Grzechynia,Grzechynia,P,PPL,2503,77,1215,49.7136,19.64561
3098199,Gryfów Śląski,Gryfow Slaski,P,PPLA3,6890,72,0212,51.03081,15.42017
3098380,Grębocice,Grebocice,P,PPL,1500,72,0216,51.59909,16.16741
3098815,Górki Wielkie,Gorki Wielkie,P,PPL,3554,83,2403,49.77971,18.83117
3099214,Głogoczów,Glogoczow,P,PPL,2800,77,1209,49.89452,19.8741
3099445,Gaworzyce,Gaworzyce,P,PPL,1500,72,0216,51.62773,15.88198
3099494,Gardawice,Gardawice,P,PPLX,1859,83,2408,50.11667,18.8
3099842,Dzierzgoń,Dzierzgon,P,PPL,5518,82,2216,53.92196,19.34705
3100515,Dębowiec,Debowiec,P,PPL,1786,83,2403,49.81406,18.72062
3100772,Dąbrowice,Dabrowice,P,PPLA3,1300,74,1002,52.31142,19.08437
3101114,Czarny Dunajec,Czarny Dunajec,P,PPLA3,3594,77,1211,49.43663,19.85161
3101672,Chojnice,Chojnice,P,PPL,39407,82,2202,53.69554,17.55701
3102961,Bolszewo,Bolszewo,P,PPL,7064,82,2215,54.61801,18.17585
3103690,Bełsznica,Belsznica,P,PPL,1095,83,2415,49.97811,18.36313
3104146,Aleksandrów,Aleksandrow,P,PPLA3,200,74,1010,51.27126,19.99005
7534439,Podebłocie,Podeblocie,P,PPL,1025,78,1403,51.64023,21.7442
7535607,Świercze,Swiercze,P,PPLA3,672,78,1424,52.67055,20.7639
12047626,Zacisze,Zacisze,P,PPLX,1773,72,0264,51.12303,17.07465
12047638,Sołtysowice,Soltysowice,P,PPLX,4109,72,0264,51.15282,17.07103
12047643,Maślice Wielkie,Maslice Wielkie,P,PPLX,3469,72,0264,51.16333,16.92837
753276,Zielonka,Zielonka,P,PPL,17518,78,1434,52.30376,21.16018
753319,Zgłobień,Zglobien,P,PPL,1542,80,1816,50.0127,21.8549
753895,Zambrów,Zambrow,P,PPL,22857,81,2014,52.9855,22.24319
754210,Zagnańsk,Zagnansk,P,PPLA3,1726,84,2604,50.98037,20.66314
755593,Wiślica,Wislica,P,PPLA3,680,84,2601,50.34891,20.67438
756302,Uście Gorlickie,Uscie Gorlickie,P,PPL,1172,77,1205,49.52192,21.13821
756692,Trzebieszów,Trzebieszow,P,PPL,1651,75,0611,51.99006,22.55502
757608,Swiętajno,Swietajno,P,PPL,1600,85,2813,54.00151,22.3183
757782,Sułkowice,Sulkowice,P,PPL,1100,78,1406,51.9231,21.08929
758157,Stoczek Łukowski,Stoczek Lukowski,P,PPLA3,2718,75,0611,51.96135,21.97137
759482,Sępopol,Sepopol,P,PPLA3,2043,85,2801,54.26903,21.01453
759915,Rybie,Rybie,P,PPL,4100,78,1421,52.15229,20.93655
760415,Rogóźno,Rogozno,P,PPL,1200,80,1810,50.07367,22.37486
760778,Radom,Radom,P,PPLA2,226794,78,1463,51.40253,21.14714
761168,Przemyśl,Przemysl,P,PPLA2,67013,80,1862,49.78498,22.76728
761652,Połaniec,Polaniec,P,PPLA3,8158,84,2612,50.43324,21.2812
763823,Niwiska,Niwiska,P,PPL,1560,80,1806,50.22492,21.63036
764107,Naruszewo,Naruszewo,P,PPLA3,222,78,1420,52.52687,20.35157
764275,Mszana Górna,Mszana Gorna,P,PPL,2589,77,1207,49.66202,20.09734
764777,Mikołajki,Mikolajki,P,PPLA3,3851,85,2810,53.80288,21.57011
765274,Maniowy,Maniowy,P,PPL,2380,77,1211,49.45976,20.26454
765976,Łosice,Losice,P,PPL,7207,78,1410,52.21129,22.71801
766237,Nowe Lipiny,Nowe Lipiny,P,PPL,1200,78,1434,52.35789,21.27125
766828,Łajski,Lajski,P,PPL,1300,78,1408,52.42873,20.94946
767374,Krynica-Zdrój,Krynica-Zdroj,P,PPL,12270,77,1210,49.42225,20.95942
767623,Kraśnik,Krasnik,P,PPLA2,35834,75,0607,50.9236,22.22706
768338,Komarówka Podlaska,Komarowka Podlaska,P,PPL,1300,75,0615,51.80315,22.94392
768940,Kobylanka,Kobylanka,P,PPL,2443,77,1205,49.66891,21.22293
769059,Klimontów,Klimontow,P,PPLA3,2000,84,2609,50.65588,21.45587
770441,Janowiec,Janowiec,P,PPLA3,1000,75,0614,51.32359,21.8894
770787,Imielno,Imielno,P,PPLA3,300,84,2602,50.58569,20.44813
771687,Gowarczów,Gowarczow,P,PPLA3,1400,84,2605,51.27845,20.43835
772086,Głogów Małopolski,Glogow Malopolski,P,PPLA3,5451,80,1816,50.15122,21.96287
772107,Glinojeck,Glinojeck,P,PPLA3,3117,78,1402,52.81983,20.29198
772467,Frydman,Frydman,P,PPL,1622,77,1211,49.44927,20.22961
772687,Dzierzgowo,Dzierzgowo,P,PPLA3,660,78,1413,53.15279,20.66322
773040,Domaradz,Domaradz,P,PPLA3,3100,80,1802,49.78675,21.94571
773332,Dębów,Debow,P,PPL,1244,80,1814,50.0449,22.43614
774030,Cyców,Cycow,P,PPLA3,1200,75,0610,51.29928,23.14124
774058,Cmolas,Cmolas,P,PPLA3,4000,80,1806,50.29526,21.74417
775754,Boćki,Bocki,P,PPL,1500,81,2003,52.65155,23.04485
776103,Białołeka,Bialoleka,P,PPL,129106,78,1465,52.32127,20.97204
776755,Aleksandrów,Aleksandrow,P,PPLA3,3135,75,0602,50.4663,22.89225
3080895,Zagrodno,Zagrodno,P,PPLA3,1626,72,0226,51.19134,15.86533
3081046,Ząbkowice Śląskie,Zabkowice Slaskie,P,PPL,16321,72,0224,50.58969,16.81239
3083043,Tuchola,Tuchola,P,PPLA2,13686,73,0416,53.58792,17.85905
3083474,Tarnawa Dolna,Tarnawa Dolna,P,PPL,1500,77,1215,49.7796,19.56545
3084194,Sułkowice,Sulkowice,P,PPLA3,6362,77,1209,49.84053,19.80097
3084444,Strzebiń,Strzebin,P,PPL,3951,83,2407,50.61647,18.89794
3084464,Stryków,Strykow,P,PPLA3,3297,74,1020,51.90224,19.60536
3085019,Stanisław Dolny,Stanislaw Dolny,P,PPL,2135,77,1218,49.9047,19.65334
3085495,Słubice,Slubice,P,PPLA2,17567,76,0805,52.35088,14.56065
3085609,Sławoborze,Slawoborze,P,PPL,2009,87,3216,53.88992,15.70667
3087281,Reda,Reda,P,PPLA3,18116,82,2215,54.60528,18.34717
3087415,Radziszów,Radziszow,P,PPL,2800,77,1206,49.93531,19.81522
3087529,Radlin,Radlin,P,PPLA3,17479,83,2415,50.0502,18.47626
3088538,Pogrzebień,Pogrzebien,P,PPL,1215,83,2411,50.06722,18.29876
3088685,Podgórzyn,Podgorzyn,P,PPL,1700,72,0206,50.83261,15.68161
3089716,Ostrowite,Ostrowite,P,PPL,1300,73,0412,53.06917,19.29337
3090076,Opalenica,Opalenica,P,PPLA3,8991,86,3015,52.30887,16.41278
3090207,Kołaczkowo,Kolaczkowo,P,PPLA3,753,86,3030,52.21739,17.62413
3090342,Ochojno,Ochojno,P,PPL,1492,77,1206,49.95255,19.97452
3090502,Nowy Dwór Gdański,Nowy Dwor Gdanski,P,PPLA3,9822,82,2210,54.21305,19.11771
3091253,Myślibórz,Mysliborz,P,PPLA2,12092,87,3210,52.92382,14.86785
3091375,Moszczanka,Moszczanka,P,PPL,1116,79,1610,50.3002,17.49109
3092468,Malczyce,Malczyce,P,PPL,3100,72,0218,51.22038,16.49365
3092894,Lubniewice,Lubniewice,P,PPLA3,1924,76,0807,52.51638,15.25005
3093237,Lipusz,Lipusz,P,PPL,2069,82,2206,54.09806,17.78455
3093394,Linia,Linia,P,PPL,1405,82,2215,54.45143,17.93454
3094072,Kwilcz,Kwilcz,P,PPLA3,2746,86,3014,52.55506,16.08562
3094180,Kuślin,Kuslin,P,PPLA3,558,86,3015,52.36386,16.31538
3094852,Koźmin Wielkopolski,Kozmin Wielkopolski,P,PPL,6678,86,3012,51.82712,17.45391
3095413,Koluszki,Koluszki,P,PPLA3,13343,74,1006,51.73872,19.81994
3096880,Kalisz,Kalisz,P,PPLA3,108759,86,3061,51.76109,18.09102
3097638,Janków Przygodzki,Jankow Przygodzki,P,PPL,1707,86,3017,51.59808,17.78824
3098276,Grojec,Grojec,P,PPL,1259,77,1203,50.08975,19.55704
3098625,Gostyń,Gostyn,P,PPLA3,20771,86,3004,51.88247,17.01225
3099129,Gniechowice,Gniechowice,P,PPL,2000,72,0223,50.98804,16.83363
3099169,Głuchołazy,Glucholazy,P,PPLA3,15120,79,1607,50.31505,17.38355
3099498,Garcz,Garcz,P,PPL,1908,82,2205,54.3476,18.10169
3101553,Chruszczobród,Chruszczobrod,P,PPL,1648,83,2416,50.4147,19.32718
3101577,Chrostkowo,Chrostkowo,P,PPLA3,314,73,0408,52.94378,19.25328
3101613,Choszczno,Choszczno,P,PPLA3,15733,87,3202,53.16905,15.42054
3101697,Chociwel,Chociwel,P,PPLA3,3266,87,3214,53.46696,15.33342
3101943,Bytów,Bytow,P,PPLA2,16724,82,2201,54.17057,17.49187
3102019,Byczyna,Byczyna,P,PPLA3,3665,79,1604,51.11387,18.21413
3102456,Brzeg Dolny,Brzeg Dolny,P,PPL,12511,72,0222,51.27299,16.70815
7522516,Brody-Parcele,Brody-Parcele,P,PPL,1600,78,1414,52.47797,20.74974
12047628,Rejon ulicy Traugutta,Rejon ulicy Traugutta,P,PPLX,20617,72,0264,51.10247,17.04827
12047632,Pracze Odrzańskie-Janówek,Pracze Odrzanskie-Janowek,P,PPLX,1178,72,0264,51.1878,16.90824
12047636,Kozanów,Kozanow,P,PPLX,15901,72,0264,51.14447,16.96937
753188,Zmiennica,Zmiennica,P,PPL,1100,80,1802,49.67652,21.96596
753776,Zarszyn,Zarszyn,P,PPLA3,1101,80,1817,49.58178,22.01283
754069,Zakroczym,Zakroczym,P,PPLA3,3347,78,1414,52.43351,20.61207
754331,Zabłudów,Zabludow,P,PPLA3,2452,81,2002,53.01442,23.33831
755810,Wierzbica,Wierzbica,P,PPLA3,3956,78,1425,51.2494,21.08259
755855,Wielopole Skrzyńskie,Wielopole Skrzynskie,P,PPLA3,3982,80,1815,49.94564,21.61491
756151,Warka,Warka,P,PPLA3,11048,78,1406,51.7843,21.19091
756313,Urzejowice,Urzejowice,P,PPL,1800,80,1814,50.01182,22.46189
756377,Ulanów,Ulanow,P,PPLA3,1520,80,1812,50.49031,22.26362
756567,Turośń Kościelna,Turosn Koscielna,P,PPLA3,700,81,2002,53.01463,23.05532
756648,Trzydnik Duży,Trzydnik Duzy,P,PPLA3,394,75,0607,50.84887,22.13359
757020,Tarnowiec,Tarnowiec,P,PPL,1485,77,1216,49.98164,20.98655
757322,Szerzyny,Szerzyny,P,PPLA3,2235,77,1216,49.80919,21.2467
757585,Świlcza,Swilcza,P,PPLA3,3000,80,1816,50.07179,21.89798
759172,Skalbmierz,Skalbmierz,P,PPLA3,1291,84,2603,50.31993,20.39929
759504,Sędziszów Małopolski,Sedziszow Malopolski,P,PPLA3,7096,80,1815,50.07069,21.70062
759631,Samborzec,Samborzec,P,PPLA3,475,84,2609,50.64663,21.64822
761218,Przasnysz,Przasnysz,P,PPLA2,16718,78,1422,53.01907,20.88029
761228,Pruszków,Pruszkow,P,PPLA2,55371,78,1421,52.17072,20.81214
761273,Promna,Promna,P,PPLA3,333,78,1401,51.68006,20.95917
762311,Pieniężno,Pieniezno,P,PPLA3,2845,85,2802,54.23649,20.12833
762661,Paradyż,Paradyz,P,PPLA3,530,74,1007,51.30604,20.11374
763249,Ołpiny,Olpiny,P,PPL,2447,77,1216,49.80686,21.20464
763510,Nurzec-Stacja,Nurzec-Stacja,P,PPL,2000,81,2010,52.46249,23.08571
763534,Nowy Sącz,Nowy Sacz,P,PPLA3,84376,77,1262,49.62177,20.69705
763608,Nowodwór,Nowodwor,P,PPLA3,539,75,0616,51.63901,22.10183
763829,Nisko,Nisko,P,PPLA2,15573,80,1812,50.51987,22.13968
763903,Niepołomice,Niepolomice,P,PPLA3,9384,77,1219,50.04066,20.22257
764002,Niedomice,Niedomice,P,PPL,1926,77,1216,50.10737,20.89548
764145,Nałęczów,Naleczow,P,PPLA3,4200,75,0614,51.28581,22.21539
764343,Moszczenica,Moszczenica,P,PPL,3302,77,1205,49.73668,21.09238
764936,Michałowo,Michalowo,P,PPLA3,3621,81,2002,53.03492,23.60996
765673,Łużna,Luzna,P,PPL,3221,77,1205,49.71288,21.04637
765927,Lubartów,Lubartow,P,PPLA2,22839,75,0608,51.46026,22.60952
766528,Łęki,Leki,P,PPL,1088,80,1807,49.80996,21.66023
767368,Krynice,Krynice,P,PPLA3,567,75,0618,50.5876,23.38157
767605,Krasnystaw,Krasnystaw,P,PPLA2,19532,75,0606,50.98464,23.1742
768081,Korzenna,Korzenna,P,PPL,1700,77,1210,49.68635,20.84355
768097,Korytnica,Korytnica,P,PPLA3,747,78,1433,52.41441,21.84949
769835,Kadzidło,Kadzidlo,P,PPLA3,4210,78,1415,53.23435,21.46454
770157,Jędrzejów,Jedrzejow,P,PPLA2,16792,84,2602,50.63945,20.30454
770160,Jednorożec,Jednorozec,P,PPLA3,1800,78,1422,53.14116,21.05161
770357,Jasień,Jasien,P,PPL,2934,77,1202,49.96988,20.5719
770711,Jabłonna,Jablonna,P,PPLA3,2041,75,0609,51.08875,22.59364
770731,Jabłoń,Jablon,P,PPLA3,1251,75,0613,51.72501,23.08743
771150,Halinów,Halinow,P,PPLA3,3551,78,1412,52.2288,21.3551
771731,Gorzyce,Gorzyce,P,PPL,1311,80,1814,50.12841,22.57926
771842,Górki,Gorki,P,PPL,1800,80,1802,49.64385,22.04304
772662,Dzikowiec,Dzikowiec,P,PPLA3,1400,80,1806,50.27288,21.84365
772758,Dziadkowice,Dziadkowice,P,PPLA3,0,81,2010,52.5638,22.91689
772915,Drzewica,Drzewica,P,PPLA3,3958,74,1007,51.45085,20.47701
773100,Dobrzyniewo Duże,Dobrzyniewo Duze,P,PPL,1200,81,2002,53.20022,23.01129
774504,Chmielnik,Chmielnik,P,PPLA3,3926,84,2604,50.6144,20.75206
775224,Brwinów,Brwinow,P,PPLA3,12315,78,1421,52.14269,20.71697
775720,Bogoria,Bogoria,P,PPLA3,930,84,2612,50.65175,21.26
775738,Bodzanów,Bodzanow,P,PPLA3,1300,78,1419,52.49992,20.02945
776184,Białaczów,Bialaczow,P,PPLA3,1500,74,1007,51.29815,20.29724
776251,Bemowo,Bemowo,P,PPL,102393,78,1465,52.2546,20.90844
776310,Batorz,Batorz,P,PPLA3,982,75,0605,50.8505,22.49313
776574,Babica,Babica,P,PPL,1200,80,1819,49.93476,21.87035
3079987,Zubrzyca Dolna,Zubrzyca Dolna,P,PPL,1690,77,1211,49.52688,19.67342
3080508,Zawoja,Zawoja,P,PPLA3,6200,77,1215,49.64396,19.54227
3081158,Wyrzysk,Wyrzysk,P,PPLA3,5263,86,3019,53.153,17.26802
3081404,Woźniki,Wozniki,P,PPL,1213,77,1218,49.93774,19.49078
3081426,Wołowice,Wolowice,P,PPL,1334,77,1206,49.98876,19.7263
3081844,Witanowice,Witanowice,P,PPL,1162,77,1218,49.91796,19.52579
3082025,Wilamowice,Wilamowice,P,PPL,2813,83,2402,49.91701,19.15237
3082751,Ustroń,Ustron,P,PPLA3,15637,83,2403,49.72153,18.80198
3083264,Torzym,Torzym,P,PPLA3,2466,76,0807,52.31331,15.08243
3083288,Topólka,Topolka,P,PPLA3,449,73,0411,52.50327,18.71246
3084859,Stare Pole,Stare Pole,P,PPL,1834,82,2209,54.05667,19.20874
3086111,Sidzina,Sidzina,P,PPL,3200,77,1215,49.59146,19.71119
3086181,Sędziejowice,Sedziejowice,P,PPLA3,840,74,1003,51.50677,19.02763
3086415,Rzeszotary,Rzeszotary,P,PPL,2698,77,1206,49.94625,19.9728
3086533,Ryczywół,Ryczywol,P,PPLA3,2000,86,3016,52.81324,16.83114
3087096,Rogowo,Rogowo,P,PPLA3,540,73,0412,52.97712,19.38486
3087223,Rekowo Dolne,Rekowo Dolne,P,PPLX,1509,82,2215,54.63133,18.36279
3087589,Raciążek,Raciazek,P,PPL,1600,73,0401,52.8565,18.81334
3087601,Rabka-Zdrój,Rabka-Zdroj,P,PPLA3,13071,77,1211,49.60889,19.96654
3087758,Przywidz,Przywidz,P,PPL,1673,82,2204,54.19524,18.32116
3087782,Przystajń,Przystajn,P,PPL,2283,83,2406,50.88495,18.69169
3088345,Poniec,Poniec,P,PPLA3,2849,86,3004,51.76343,16.80867
3088873,Pławno,Plawno,P,PPL,1200,74,1012,50.97772,19.45524
3089134,Piekary,Piekary,P,PPL,1200,77,1206,50.02495,19.79616
3089276,Pępowo,Pepowo,P,PPLA3,1780,86,3004,51.76569,17.12661
3089569,Pacyna,Pacyna,P,PPLA3,219,78,1404,52.30281,19.70982
3089876,Osina,Osina,P,PPLA3,2952,87,3204,53.60473,15.0123
3091297,Murcki,Murcki,P,PPLX,5796,83,2469,50.20036,19.04351
3091351,Mrocza,Mrocza,P,PPLA3,4347,73,0410,53.24313,17.60405
3091371,Moszczenica,Moszczenica,P,PPLA3,2571,74,1010,51.50297,19.71986
3091988,Międzybrodzie Bialskie,Miedzybrodzie Bialskie,P,PPL,3154,83,2417,49.78747,19.19741
3093040,Lubań,Luban,P,PPLA3,22245,72,0210,51.12014,15.28768
3093649,Łęknica,Leknica,P,PPLA3,2565,76,0811,51.54148,14.73584
3094442,Krzywaczka,Krzywaczka,P,PPL,1500,77,1209,49.89353,19.83221
3094976,Kowale,Kowale,P,PPL,1972,82,2204,54.30976,18.56149
3095058,Kostrzyn,Kostrzyn,P,PPLA3,8965,86,3021,52.39847,17.22811
3095336,Kończyce Małe,Konczyce Male,P,PPL,3294,83,2403,49.85824,18.62964
3095971,Knurów,Knurow,P,PPLA3,39744,83,2405,50.21971,18.65067
3096558,Karsin,Karsin,P,PPL,2500,82,2206,53.90768,17.92093
3097328,Jaworzyna Śląska,Jaworzyna Slaska,P,PPL,5242,72,0219,50.9134,16.43241
3097504,Jaroszowice,Jaroszowice,P,PPL,1700,77,1218,49.86267,19.51962
3097553,Jaraczewo,Jaraczewo,P,PPL,1392,86,3006,51.96854,17.29707
3098240,Gronowo Elbląskie,Gronowo Elblaskie,P,PPL,1600,85,2804,54.08588,19.30598
3098333,Grodków,Grodkow,P,PPLA3,8654,79,1601,50.69836,17.38449
3098613,Goszczanów,Goszczanow,P,PPLA3,824,74,1014,51.79163,18.5057
3099127,Gniew,Gniew,P,PPL,6759,82,2214,53.83602,18.8231
3099629,Frydrychowice,Frydrychowice,P,PPL,2799,77,1218,49.90481,19.41936
3100849,Dąbrowa,Dabrowa,P,PPL,1100,79,1609,50.68352,17.74957
3101076,Czechowice-Dziedzice,Czechowice-Dziedzice,P,PPLA3,34703,83,2402,49.91342,19.00479
3101289,Cisiec,Cisiec,P,PPL,3296,83,2417,49.59213,19.1054
3101330,Cieszków,Cieszkow,P,PPL,1800,72,0213,51.63104,17.35726
3102627,Brodnica,Brodnica,P,PPL,27341,73,0402,53.25967,19.39653
3102628,Brodnica,Brodnica,P,PPLA3,722,86,3026,52.14123,16.89096
3102634,Brodła,Brodla,P,PPL,1005,77,1203,50.04331,19.58879
3102869,Boronów,Boronow,P,PPL,2793,83,2407,50.6746,18.90678
3103709,Bełchatów,Belchatow,P,PPLA2,62896,74,1001,51.36883,19.35671
3104018,Babice,Babice,P,PPLA3,1369,77,1203,50.06882,19.44906
7534656,Radwanice,Radwanice,P,PPL,2100,72,0216,51.57083,15.94803
12047659,Karłowice,Karlowice,P,PPLX,12651,72,0264,51.14132,17.05212
753221,Złota,Zlota,P,PPLA3,1200,84,2608,50.3816,20.59361
753222,Złota,Zlota,P,PPL,1368,77,1202,49.88059,20.69326
754367,Żabieniec,Zabieniec,P,PPL,1126,78,1418,52.05856,21.04817
754509,Wysoka,Wysoka,P,PPL,2400,80,1810,50.04474,22.26002
754800,Wołomin,Wolomin,P,PPLA2,36592,78,1434,52.34006,21.24207
755303,Wola Dębińska,Wola Debinska,P,PPL,1602,77,1202,49.98214,20.68777
755692,Wilga,Wilga,P,PPLA3,1000,78,1403,51.85211,21.37751
755775,Wierzchosławice,Wierzchoslawice,P,PPLA3,3000,77,1216,50.02478,20.85677
756735,Trzciana,Trzciana,P,PPL,2300,80,1816,50.0719,21.8385
756868,Tomaszów Lubelski,Tomaszow Lubelski,P,PPLA2,20261,75,0618,50.44767,23.41616
756992,Tczów,Tczow,P,PPLA3,620,78,1436,51.326,21.44677
757461,Szczawnica,Szczawnica,P,PPL,6032,77,1211,49.42437,20.48487
757894,Sucha,Sucha,P,PPL,1170,78,1401,51.61999,20.94887
757993,Strzegowo,Strzegowo,P,PPLA3,2000,78,1413,52.89394,20.28548
758973,Sławatycze,Slawatycze,P,PPLA3,2647,75,0601,51.76338,23.5546
759409,Siedleczka,Siedleczka,P,PPL,1152,80,1814,49.96061,22.37949
759722,Rzezawa,Rzezawa,P,PPLA3,2500,77,1201,49.98997,20.51508
759859,Ryglice,Ryglice,P,PPLA3,2802,77,1216,49.87887,21.13748
761607,Policzna,Policzna,P,PPLA3,1500,78,1436,51.45545,21.62684
761878,Podkowa Leśna,Podkowa Lesna,P,PPLA3,3844,78,1405,52.12237,20.72665
762201,Pińczów,Pinczow,P,PPLA2,11806,84,2608,50.52052,20.52649
762361,Piecki,Piecki,P,PPL,3320,85,2810,53.75759,21.33914
762423,Piaseczno,Piaseczno,P,PPLA2,36278,78,1418,52.0814,21.02397
764000,Niedrzwica Duża,Niedrzwica Duza,P,PPLA3,3900,75,0609,51.11462,22.38911
764241,Muszyna,Muszyna,P,PPL,5018,77,1210,49.35661,20.89718
764269,Mszczonów,Mszczonow,P,PPLA3,6267,78,1438,51.97415,20.52083
764292,Mrozy,Mrozy,P,PPLA3,3368,78,1412,52.16609,21.80263
764876,Miedzna,Miedzna,P,PPLA3,1400,78,1433,52.46778,22.08947
765876,Lublin,Lublin,P,PPLA,360044,75,0663,51.25,22.56667
767283,Krzeszów,Krzeszow,P,PPLA3,734,80,1812,50.40381,22.34241
767763,Kozłowo,Kozlowo,P,PPL,3000,85,2811,53.30652,20.29098
767781,Kozłów,Kozlow,P,PPLA3,1021,77,1208,50.48394,20.02456
768116,Korsze,Korsze,P,PPL,4521,85,2808,54.17002,21.13915
770348,Jasienica,Jasienica,P,PPL,2000,78,1434,52.41415,21.4115
770705,Jabłonna Lacka,Jablonna Lacka,P,PPL,1500,78,1429,52.47664,22.44228
770918,Humniska,Humniska,P,PPL,4300,80,1802,49.67507,22.05368
772069,Głuchów,Gluchow,P,PPL,1500,80,1810,50.08171,22.27135
773014,Dorohusk,Dorohusk,P,PPLA3,516,75,0603,51.15475,23.80325
774243,Chynów,Chynow,P,PPLA3,400,78,1406,51.90425,21.08208
774790,Bukowina Tatrzańska,Bukowina Tatrzanska,P,PPLA3,2700,77,1217,49.34302,20.10807
775210,Brzączowice,Brzaczowice,P,PPL,1230,77,1209,49.87478,20.03709
775736,Bodzentyn,Bodzentyn,P,PPLA3,2228,84,2604,50.94115,20.95719
776024,Bielany,Bielany,P,PPLA3,168,78,1429,52.34174,22.24929
776677,Annopol,Annopol,P,PPLA3,2654,75,0607,50.88551,21.85678
3081808,Witonia,Witonia,P,PPLA3,1130,74,1004,52.14655,19.30049
3082192,Wieprz,Wieprz,P,PPL,5002,77,1218,49.89093,19.35688
3083015,Tułowice,Tulowice,P,PPL,4290,79,1609,50.59577,17.65323
3083271,Toruń,Torun,P,PPL,198613,73,0463,53.01375,18.59814
3083616,Sztum,Sztum,P,PPLA3,9766,82,2216,53.92077,19.03072
3085577,Ślesin,Slesin,P,PPL,1500,73,0410,53.16514,17.70258
3085805,Skawinki,Skawinki,P,PPL,1600,77,1218,49.82281,19.71256
3085807,Skawina,Skawina,P,PPL,23647,77,1206,49.97524,19.82869
3086080,Siedlec,Siedlec,P,PPLA3,1200,86,3029,52.13781,16.00279
3086524,Ryjewo,Ryjewo,P,PPL,2914,82,2207,53.84463,18.96077
3086574,Rybno,Rybno,P,PPL,2558,85,2803,53.38348,19.93229
3087710,Pszczew,Pszczew,P,PPLA3,1826,76,0803,52.47724,15.7816
3088211,Potok Złoty,Potok Zloty,P,PPL,1101,83,2404,50.70676,19.43091
3088273,Poręba,Poreba,P,PPL,8718,83,2416,50.48831,19.33903
3089123,Piekielnik,Piekielnik,P,PPL,2314,77,1211,49.47688,19.7681
3089298,Pęczniew,Peczniew,P,PPLA3,3871,74,1011,51.80384,18.72311
3089566,Paczków,Paczkow,P,PPLA3,8081,79,1607,50.46395,17.00658
3089612,Otyń,Otyn,P,PPLA3,1200,76,0804,51.84766,15.71105
3089976,Orzech,Orzech,P,PPL,1942,83,2413,50.42744,18.92275
3091407,Mosina,Mosina,P,PPLA3,12318,86,3021,52.24543,16.84709
3092083,Miasteczko Krajeńskie,Miasteczko Krajenskie,P,PPLA3,1163,86,3019,53.09784,17.00478
3092828,Lubowidz,Lubowidz,P,PPLA3,2000,78,1437,53.11865,19.84594
3093589,Leśna,Lesna,P,PPL,4648,72,0210,51.02431,15.26413
3093983,Łagów,Lagow,P,PPL,1095,72,0225,51.15835,15.04372
3094542,Krzęcin,Krzecin,P,PPLA3,747,87,3202,53.0816,15.49008
3094558,Kryry,Kryry,P,PPL,1349,83,2410,50.01667,18.80568
3094562,Krynica Morska,Krynica Morska,P,PPL,1339,82,2210,54.38051,19.44413
3094638,Krośniewice,Krosniewice,P,PPLA3,4610,74,1002,52.25592,19.17037
3094934,Kowary,Kowary,P,PPL,10869,72,0206,50.79313,15.83559
3096257,Kiernozia,Kiernozia,P,PPLA3,930,74,1005,52.26858,19.87092
3096292,Kiełczów,Kielczow,P,PPL,3700,72,0223,51.13999,17.17798
3096773,Kamiennik,Kamiennik,P,PPLA3,702,79,1607,50.57032,17.14979
3097194,Jeżewo,Jezewo,P,PPL,1753,73,0414,53.51061,18.49437
3097833,Izdebnik,Izdebnik,P,PPL,2054,77,1218,49.87218,19.76801
3098722,Gorzów Wielkopolski,Gorzow Wielkopolski,P,PPLA,124430,76,0861,52.73679,15.22878
3099125,Gniewino,Gniewino,P,PPL,1940,82,2215,54.71709,18.01663
3099473,Gąsawa,Gasawa,P,PPLA3,1400,73,0419,52.76757,17.75579
3100363,Dobra,Dobra,P,PPLA3,2336,87,3218,53.58625,15.30977
3101128,Czarnowąsy,Czarnowasy,P,PPL,3108,79,1609,50.72858,17.89819
3102147,Bujaków,Bujakow,P,PPL,2176,83,2402,49.85182,19.19432
3102997,Bolęcin,Bolecin,P,PPL,1819,77,1203,50.1175,19.48116
3103645,Białka,Bialka,P,PPL,2542,77,1215,49.69306,19.67033
3103989,Baborów,Baborow,P,PPLA3,3114,79,1602,50.1576,17.98513
7576332,Chróścina,Chroscina,P,PPL,1736,79,1607,50.62306,17.36861
754493,Wysokie,Wysokie,P,PPLA3,602,75,0609,50.91093,22.666
755330,Wola,Wola,P,PPL,140958,78,1465,52.2401,20.98869
755442,Wodynie,Wodynie,P,PPLA3,630,78,1426,52.0404,21.95575
755726,Wilanów,Wilanow,P,PPL,14032,78,1465,52.16311,21.08748
755797,Wierzbna,Wierzbna,P,PPL,1201,80,1804,50.03311,22.60128
755963,Wiązownica,Wiazownica,P,PPL,1700,80,1804,50.08066,22.70668
756045,Węgrzce Wielkie,Wegrzce Wielkie,P,PPL,1513,77,1219,50.01491,20.11082
756406,Uherce Mineralne,Uherce Mineralne,P,PPL,1400,80,1821,49.46455,22.39829
756709,Trzcinica,Trzcinica,P,PPL,2400,80,1805,49.74301,21.4175
757240,Szreńsk,Szrensk,P,PPLA3,1200,78,1413,53.01277,20.12009
758332,Stare Juchy,Stare Juchy,P,PPL,1800,85,2805,53.92198,22.17367
758574,Sońsk,Sonsk,P,PPLA3,881,78,1402,52.78164,20.69901
758624,Sokoły,Sokoly,P,PPL,1450,81,2013,52.99314,22.7005
759754,Rzepedź,Rzepedz,P,PPL,1400,80,1817,49.36997,22.11174
760062,Rudna Wielka,Rudna Wielka,P,PPL,1318,80,1816,50.08799,21.94759
760063,Rudna Mała,Rudna Mala,P,PPL,1023,80,1816,50.09889,21.96021
760395,Rokitno,Rokitno,P,PPLA3,747,75,0601,52.12142,23.29514
760518,Rejowiec,Rejowiec,P,PPL,2114,75,0603,51.09134,23.28192
760672,Rajgród,Rajgrod,P,PPL,1732,81,2004,53.73102,22.70515
760711,Radziejowice,Radziejowice,P,PPLA3,546,78,1438,52.00834,20.5477
761210,Przecław,Przeclaw,P,PPLA3,1599,80,1811,50.19339,21.48007
761390,Poświętne,Poswietne,P,PPLA3,412,74,1007,51.53203,20.36453
762223,Pilawa,Pilawa,P,PPLA3,4278,78,1403,51.95945,21.53089
762909,Ostrołęka,Ostroleka,P,PPLA3,53740,78,1461,53.08621,21.57566
763107,Opole Lubelskie,Opole Lubelskie,P,PPLA2,8780,75,0612,51.14775,21.96897
764100,Nasielsk,Nasielsk,P,PPLA3,7445,78,1414,52.58887,20.80553
764634,Mława,Mlawa,P,PPL,29398,78,1413,53.11278,20.3841
765028,Medyka,Medyka,P,PPLA3,2800,80,1813,49.80526,22.92229
765030,Mędrzechów,Medrzechow,P,PPLA3,1300,77,1204,50.28221,20.94749
765328,Małkinia Górna,Malkinia Gorna,P,PPL,5199,78,1416,52.6922,22.02836
765857,Lubomierz,Lubomierz,P,PPL,1830,77,1207,49.60854,20.20214
767814,Kozienice,Kozienice,P,PPL,18677,78,1407,51.58294,21.54779
768805,Kolbuszowa,Kolbuszowa,P,PPLA2,10442,80,1806,50.2441,21.7761
769346,Kazimierza Wielka,Kazimierza Wielka,P,PPLA2,5696,84,2603,50.26564,20.49358
769575,Kaniów,Kaniow,P,PPL,1257,84,2604,50.98577,20.66391
770162,Jedlnia-Letnisko,Jedlnia-Letnisko,P,PPLA3,3692,78,1425,51.43074,21.33536
770425,Janów Lubelski,Janow Lubelski,P,PPLA2,11811,75,0605,50.70695,22.41039
772768,Dywity,Dywity,P,PPL,2300,85,2814,53.83759,20.47817
773320,Dębowiec,Debowiec,P,PPLA3,2000,80,1805,49.68374,21.46068
773380,Dębica,Debica,P,PPLA2,47366,80,1803,50.05146,21.41141
775796,Bobowa,Bobowa,P,PPL,3018,77,1205,49.70866,20.94767
776597,Augustów,Augustow,P,PPLA3,29752,81,2001,53.84321,22.97979
3080271,Żernica,Zernica,P,PPL,3400,83,2405,50.2477,18.61547
3080674,Żarki,Zarki,P,PPLA3,4363,83,2409,50.62518,19.36357
3081004,Zaborze,Zaborze,P,PPL,1005,83,2403,49.87279,18.8037
3081138,Wysoka,Wysoka,P,PPL,1500,77,1218,49.90713,19.60356
3081760,Władysławów,Wladyslawow,P,PPLA3,1625,86,3027,52.10313,18.47626
3082837,Ujsoły,Ujsoly,P,PPL,2392,83,2417,49.4829,19.13801
3083112,Trzebinia,Trzebinia,P,PPL,1721,83,2417,49.65024,19.22264
3083140,Trzebiechów,Trzebiechow,P,PPLA3,920,76,0809,52.02113,15.7362
3083410,Tenczynek,Tenczynek,P,PPL,3436,77,1206,50.11986,19.61308
3083955,Świnoujście,Swinoujscie,P,PPLA2,40919,87,3263,53.91053,14.24712
3084005,Święta Katarzyna,Swieta Katarzyna,P,PPL,2000,72,0223,51.02596,17.11464
3084507,Stróża,Stroza,P,PPL,2900,77,1209,49.79628,19.92379
3084876,Stare Kurowo,Stare Kurowo,P,PPLA3,2100,76,0806,52.85669,15.67749
3084900,Stare Bogaczowice,Stare Bogaczowice,P,PPL,1450,72,0221,50.84752,16.19308
3087584,Racibórz,Raciborz,P,PPLA2,58464,83,2411,50.09195,18.21928
3087956,Przemęt,Przemet,P,PPLA3,1600,86,3029,52.00808,16.30114
3089578,Pabianice,Pabianice,P,PPLA2,70542,74,1008,51.66446,19.35473
3089680,Ostrowy,Ostrowy,P,PPL,1200,74,1002,52.30444,19.16565
3090099,Olszyna,Olszyna,P,PPL,4739,72,0210,51.0671,15.37228
3091294,Murów,Murow,P,PPL,1577,79,1609,50.86307,17.94557
3091969,Międzyrzecz,Miedzyrzecz,P,PPLA2,18669,76,0803,52.44461,15.57801
3092472,Malbork,Malbork,P,PPL,38723,82,2209,54.03591,19.0266
3093224,Lisewo Malborskie,Lisewo Malborskie,P,PPL,1280,82,2209,54.09665,18.82928
3093269,Lipno,Lipno,P,PPLA3,1176,86,3013,51.91722,16.56708
3093389,Liniewo,Liniewo,P,PPL,1052,82,2206,54.07661,18.22675
3093501,Lewin Brzeski,Lewin Brzeski,P,PPLA3,6000,79,1601,50.7487,17.61688
3093726,Łęczyca,Leczyca,P,PPLA2,15528,74,1004,52.05959,19.19972
3093941,Łambinowice,Lambinowice,P,PPLA3,2800,79,1607,50.53869,17.56096
3093943,Laliki,Laliki,P,PPL,1039,83,2417,49.53446,19.00549
3094490,Krzeszowice,Krzeszowice,P,PPLA3,9978,77,1206,50.14248,19.63223
3094813,Krajenka,Krajenka,P,PPLA3,3609,86,3031,53.29759,16.99079
3095044,Koszarawa,Koszarawa,P,PPL,2538,83,2417,49.64462,19.40083
3095192,Koronowo,Koronowo,P,PPL,10965,73,0403,53.3137,17.93698
3095332,Koniaków,Koniakow,P,PPL,3584,83,2403,49.55066,18.9491
3095989,Kluki,Kluki,P,PPLA3,800,74,1001,51.34187,19.23938
3096003,Kluczbork,Kluczbork,P,PPLA2,25978,79,1604,50.97281,18.21816
3096334,Kęsowo,Kesowo,P,PPLA3,790,73,0416,53.55872,17.7158
3097839,Izbicko,Izbicko,P,PPLA3,1100,79,1611,50.57163,18.15585
3098699,Gorzyczki,Gorzyczki,P,PPL,2088,83,2415,49.94912,18.4033
3099084,Godów,Godow,P,PPLA3,1922,83,2415,49.92481,18.4783
3099828,Dzierżoniów,Dzierzoniow,P,PPLA3,34168,72,0202,50.7282,16.65141
3100142,Drawsko,Drawsko,P,PPL,1640,86,3002,52.85421,16.03125
3100671,Damnica,Damnica,P,PPLA3,1240,82,2212,54.50025,17.27154
3101592,Chróścice,Chroscice,P,PPL,3000,79,1609,50.78076,17.81227
3101788,Chełm Śląski,Chelm Slaski,P,PPLA3,5646,83,2414,50.10825,19.19552
3102100,Bukowiec,Bukowiec,P,PPL,1210,73,0414,53.43383,18.24048
3102409,Brzezinka,Brzezinka,P,PPL,2100,77,1213,50.04237,19.1902
3102513,Brudzeń Duży,Brudzen Duzy,P,PPLA3,939,78,1419,52.66884,19.50399
3103365,Bieruń,Bierun,P,PPLA2,19659,83,2414,50.09,19.09291
3103655,Bestwinka,Bestwinka,P,PPL,1541,83,2402,49.93272,19.06694
3103896,Balice,Balice,P,PPL,1200,77,1206,50.08799,19.79462
6565267,Krościenko nad Dunajcem,Kroscienko nad Dunajcem,P,PPLA3,3500,77,1211,49.44081,20.42624
7534560,Iłowo -Osada,Ilowo -Osada,P,PPL,2800,85,2803,53.16808,20.29295
12047610,Jarnołtów-Jerzmanowo,Jarnoltow-Jerzmanowo,P,PPLX,1357,72,0264,51.12163,16.86621
12047635,Gądów Mały,Gadow Maly,P,PPLX,7042,72,0264,51.11853,16.98596
12047654,Poświętne,Poswietne,P,PPLX,3010,72,0264,51.15702,17.02904
753395,Żelechlinek,Zelechlinek,P,PPLA3,474,74,1016,51.71214,20.0346
754090,Zaklików,Zaklikow,P,PPLA3,3000,80,1818,50.75769,22.10226
754386,Żabia Wola,Zabia Wola,P,PPLA3,1256,78,1405,52.03169,20.69112
755697,Wilczyce,Wilczyce,P,PPLA3,830,84,2609,50.74694,21.65783
755886,Wieliszew,Wieliszew,P,PPLA3,3373,78,1408,52.4513,20.96827
757063,Targowisko,Targowisko,P,PPL,1670,77,1219,49.98473,20.29346
757174,Szydłowo,Szydlowo,P,PPLA3,579,78,1413,53.08062,20.45071
757335,Szepietowo,Szepietowo,P,PPLA3,2335,81,2013,52.87032,22.54392
757751,Suraż,Suraz,P,PPLA3,993,81,2002,52.94908,22.95653
758327,Stare Miasto,Stare Miasto,P,PPL,1551,80,1808,50.28879,22.42928
760347,Ropa,Ropa,P,PPL,3959,77,1205,49.59146,21.04431
760632,Rakszawa,Rakszawa,P,PPLA3,6894,80,1810,50.16051,22.23907
760724,Radzanów,Radzanow,P,PPLA3,356,78,1401,51.55786,20.86398
760871,Pysznica,Pysznica,P,PPLA3,2800,80,1818,50.56999,22.12913
760914,Puńsk,Punsk,P,PPL,1210,81,2009,54.25114,23.18124
761262,Prostki,Prostki,P,PPL,2541,85,2805,53.69901,22.43183
761922,Podedwórze,Podedworze,P,PPLA3,493,75,0613,51.68815,23.19961
762588,Pasym,Pasym,P,PPLA3,2539,85,2817,53.65069,20.79188
762753,Pacanów,Pacanow,P,PPLA3,1137,84,2601,50.40031,21.04148
762901,Ostrów,Ostrow,P,PPLA3,1500,80,1815,50.09779,21.5932
763028,Orzysz,Orzysz,P,PPLA3,5998,85,2816,53.80967,21.94811
763066,Orneta,Orneta,P,PPLA3,9412,85,2809,54.11483,20.13328
764067,Nawojowa,Nawojowa,P,PPL,2700,77,1210,49.56686,20.73927
764578,Mniów,Mniow,P,PPLA3,1876,84,2604,51.01224,20.48427
764659,Mirzec,Mirzec,P,PPLA3,2100,84,2611,51.13466,21.0571
765017,Mełgiew,Melgiew,P,PPLA3,990,75,0617,51.22519,22.78414
766332,Leżajsk,Lezajsk,P,PPLA2,13958,80,1808,50.26257,22.41932
766734,Laskowa,Laskowa,P,PPL,3133,77,1207,49.76147,20.45045
766927,Kuźnica,Kuznica,P,PPL,1740,81,2011,53.51094,23.64953
767736,Kozubszczyzna,Kozubszczyzna,P,PPLA3,750,75,0609,51.22323,22.42747
769285,Kępie Żaleszańskie,Kepie Zaleszanskie,P,PPL,1334,80,1818,50.63983,21.88133
770225,Jawornik,Jawornik,P,PPL,1200,80,1819,49.8464,21.89404
770751,Izbica,Izbica,P,PPLA3,1933,75,0606,50.88728,23.15248
770986,Horyniec-Zdrój,Horyniec-Zdroj,P,PPLA3,2700,80,1809,50.19152,23.36277
772227,Gierłoż,Gierloz,P,PPL,28351,85,2808,54.08134,21.49551
772584,Fajsławice,Fajslawice,P,PPLA3,1457,75,0606,51.09592,22.96323
772680,Dzierzkowice,Dzierzkowice,P,PPLA3,0,75,0607,50.96019,22.06639
774265,Chwałowice,Chwalowice,P,PPL,1100,80,1818,50.76665,21.88683
774572,Chęciny,Checiny,P,PPLA3,4252,84,2604,50.80021,20.46229
775010,Brzyska,Brzyska,P,PPLA3,1900,80,1805,49.82226,21.39004
775098,Brzóza Królewska,Brzoza Krolewska,P,PPL,3400,80,1808,50.23908,22.32559
775758,Bochnia,Bochnia,P,PPLA2,29184,77,1201,49.96905,20.43028
776080,Biały Dunajec,Bialy Dunajec,P,PPLA3,4200,77,1217,49.3738,20.00898
776144,Białka Tatrzańska,Bialka Tatrzanska,P,PPL,2200,77,1217,49.38975,20.10507
776271,Bejsce,Bejsce,P,PPLA3,878,84,2603,50.23903,20.59834
3080101,Złoczew,Zloczew,P,PPLA3,3439,74,1014,51.41719,18.60363
3080526,Zawiercie,Zawiercie,P,PPLA2,53159,83,2416,50.48766,19.41679
3081136,Wysoka,Wysoka,P,PPL,1246,83,2416,50.42989,19.35368
3081874,Wisła,Wisla,P,PPLA3,11379,83,2403,49.65629,18.8591
3082119,Wierzchosławice,Wierzchoslawice,P,PPL,1400,73,0407,52.86923,18.35609
3082411,Wiązów,Wiazow,P,PPL,2340,72,0217,50.81399,17.20214
3082680,Walichnowy,Walichnowy,P,PPL,1100,74,1018,51.29579,18.38073
3082722,Wadowice,Wadowice,P,PPLA2,19238,77,1218,49.88335,19.49292
3082756,Ustka,Ustka,P,PPLA3,16250,82,2212,54.58048,16.86194
3083077,Trzemeszno,Trzemeszno,P,PPLA3,7840,86,3003,52.56139,17.82311
3083263,Toszek,Toszek,P,PPL,3633,83,2405,50.45442,18.52209
3083788,Szczerców,Szczercow,P,PPLA3,3300,74,1001,51.33319,19.10977
3083814,Szczekociny,Szczekociny,P,PPL,3841,83,2416,50.62669,19.825
3083907,Syrynia,Syrynia,P,PPL,3138,83,2415,50.02004,18.34597
3084177,Sułów,Sulow,P,PPL,1405,72,0213,51.49966,17.16811
3084241,Sulechów,Sulechow,P,PPLA3,18055,76,0809,52.08362,15.62513
3084457,Stryszów,Stryszow,P,PPL,2101,77,1218,49.82569,19.61763
3085069,Spytkowice,Spytkowice,P,PPL,3898,77,1218,49.99671,19.51103
3085457,Słupno,Slupno,P,PPLA3,790,78,1419,52.50588,19.83736
3085578,Ślesin,Slesin,P,PPLA3,3182,86,3010,52.37039,18.30644
3086106,Siechnice,Siechnice,P,PPLA3,4264,72,0223,51.03384,17.14743
3086134,Sianów,Sianow,P,PPLA3,6606,87,3209,54.22646,16.29127
3086800,Ruda Śląska,Ruda Slaska,P,PPL,146189,83,2472,50.2584,18.85632
3087176,Rewal,Rewal,P,PPLA3,959,87,3205,54.0812,15.01471
3087427,Radziejów,Radziejow,P,PPLA2,5759,73,0411,52.62481,18.52771
3087462,Radowo Małe,Radowo Male,P,PPL,1200,87,3218,53.66575,15.44789
3087701,Pszów,Pszow,P,PPLA3,14028,83,2415,50.03994,18.39472
3088496,Polanica-Zdrój,Polanica-Zdroj,P,PPLA3,6966,72,0208,50.40373,16.51271
3089340,Pawłowice,Pawlowice,P,PPL,9929,83,2410,49.96127,18.71778
3089904,Osiek,Osiek,P,PPLA3,1012,82,2213,53.72226,18.49051
3090907,Nieszawa,Nieszawa,P,PPLA3,2002,73,0401,52.83452,18.89921
3091058,Niechanowo,Niechanowo,P,PPLA3,2300,86,3003,52.46527,17.67812
3091548,Modlnica,Modlnica,P,PPL,1265,77,1206,50.12958,19.86461
3091743,Milówka,Milowka,P,PPL,4448,83,2417,49.5554,19.09072
3091780,Miłkowice,Milkowice,P,PPL,2000,72,0209,51.25601,16.07231
3091999,Miedźna,Miedzna,P,PPLA3,1588,83,2410,49.98225,19.04883
3092467,Małdyty,Maldyty,P,PPL,1410,85,2815,53.91981,19.74398
3093283,Lipnica Mała,Lipnica Mala,P,PPL,2537,77,1211,49.51507,19.63497
3094633,Krosno Odrzańskie,Krosno Odrzanskie,P,PPLA2,12178,76,0802,52.05492,15.09882
3094831,Kozy,Kozy,P,PPL,11920,83,2402,49.84756,19.14891
3095145,Kościelec,Koscielec,P,PPLA3,900,86,3009,52.17425,18.57067
3095330,Koniecpol,Koniecpol,P,PPL,6318,83,2404,50.77468,19.68896
3095926,Kobylnica,Kobylnica,P,PPLA3,4500,82,2212,54.43975,16.99782
3096613,Karnice,Karnice,P,PPLA3,771,87,3205,54.03001,15.05496
3096763,Kamieńsk,Kamiensk,P,PPLA3,2850,74,1012,51.20242,19.49661
3097327,Jaworzynka,Jaworzynka,P,PPL,3109,83,2403,49.54019,18.86996
3097355,Jawornik,Jawornik,P,PPL,2822,77,1209,49.8558,19.89315
3097472,Jasienica,Jasienica,P,PPL,4872,83,2402,49.81312,18.92155
3097902,Iława,Ilawa,P,PPL,32557,85,2807,53.59601,19.56849
3098007,Herby,Herby,P,PPL,2421,83,2407,50.75318,18.88756
3098583,Gozdnica,Gozdnica,P,PPLA3,3398,76,0810,51.4363,15.09856
3098898,Góra,Gora,P,PPL,12668,72,0204,51.66638,16.53494
3099016,Gołańcz,Golancz,P,PPLA3,3375,86,3028,52.94326,17.29995
3100489,Debrzno,Debrzno,P,PPL,5251,82,2203,53.53817,17.23643
3100677,Damasławek,Damaslawek,P,PPLA3,2500,86,3028,52.83979,17.50062
3101017,Czernica,Czernica,P,PPLA3,1186,72,0223,51.04609,17.2451
3101467,Chybie,Chybie,P,PPL,3775,83,2403,49.90249,18.82756
3101513,Chrzypsko Wielkie,Chrzypsko Wielkie,P,PPLA3,920,86,3014,52.62817,16.22852
3101812,Chełmek,Chelmek,P,PPLA3,9059,77,1213,50.10163,19.24801
3102076,Bukowno,Bukowno,P,PPL,10874,77,1212,50.26474,19.45962
3102488,Brusy,Brusy,P,PPL,4728,82,2202,53.88446,17.71786
3103009,Bojanowo,Bojanowo,P,PPLA3,2960,86,3022,51.70749,16.74827
3103261,Błaszki,Blaszki,P,PPLA3,2132,74,1014,51.65163,18.43472
3103656,Bestwina,Bestwina,P,PPL,4409,83,2402,49.89712,19.05776
3103756,Bębło,Beblo,P,PPL,1092,77,1206,50.18053,19.78741
6545326,Ursynów,Ursynow,P,PPL,150668,78,1465,52.15051,21.05041
7535367,Bartniczka,Bartniczka,P,PPLA3,550,73,0402,53.24776,19.60433
753982,Zalesie,Zalesie,P,PPLA3,0,75,0601,52.03743,23.3636
755090,Wola Żarczycka,Wola Zarczycka,P,PPL,3793,80,1808,50.2912,22.25023
755200,Wolanów,Wolanow,P,PPLA3,701,78,1425,51.3803,20.97702
756351,Ulhówek,Ulhowek,P,PPLA3,1262,75,0618,50.44969,23.79956
756627,Tuczna,Tuczna,P,PPLA3,0,75,0601,51.88029,23.4252
757021,Tarnowiec,Tarnowiec,P,PPLA3,1200,80,1805,49.73108,21.57663
757135,Szynwałd,Szynwald,P,PPL,3114,77,1216,49.96767,21.12293
757376,Szczurowa,Szczurowa,P,PPLA3,1722,77,1202,50.11915,20.6361
757957,Strzyżów,Strzyzow,P,PPLA2,8739,80,1819,49.87074,21.79413
758445,Stalowa Wola,Stalowa Wola,P,PPLA2,66495,80,1818,50.58286,22.05334
758603,Solec-Zdrój,Solec-Zdroj,P,PPLA3,900,84,2601,50.36594,20.88956
758715,Sobienie Jeziory,Sobienie Jeziory,P,PPLA3,700,78,1417,51.93273,21.30335
758883,Słotowa,Slotowa,P,PPL,1087,80,1803,49.94603,21.29425
758887,Słopnice,Slopnice,P,PPL,4601,77,1207,49.68496,20.34325
758905,Słomniki,Slomniki,P,PPLA3,4340,77,1206,50.24012,20.08224
759127,Skierbieszów,Skierbieszow,P,PPLA3,1315,75,0620,50.85158,23.35917
759472,Serniki,Serniki,P,PPLA3,382,75,0608,51.43716,22.65853
759734,Rzeszów,Rzeszow,P,PPLA,158382,80,1863,50.04132,21.99901
760237,Rozbórz,Rozborz,P,PPL,2005,80,1814,50.05615,22.54686
760607,Raszyn,Raszyn,P,PPL,7109,78,1421,52.15603,20.9226
760806,Radecznica,Radecznica,P,PPLA3,920,75,0620,50.75155,22.82976
761461,Poręba Spytkowska,Poreba Spytkowska,P,PPL,2500,77,1202,49.93995,20.55405
761474,Poraż,Poraz,P,PPL,1400,80,1817,49.48597,22.225
761582,Połomia,Polomia,P,PPL,1800,80,1819,49.90475,21.89198
762106,Piwniczna-Zdrój,Piwniczna-Zdroj,P,PPL,5793,77,1210,49.44056,20.71423
762551,Pawłosiów,Pawlosiow,P,PPL,1800,80,1804,49.99533,22.64763
762850,Ostrów Mazowiecka,Ostrow Mazowiecka,P,PPL,22653,78,1416,52.80245,21.89507
762878,Ostrówek,Ostrowek,P,PPLA3,276,75,0608,51.5815,22.61227
763174,Olszówka,Olszowka,P,PPL,1435,77,1207,49.61455,20.02885
764407,Mordy,Mordy,P,PPLA3,1843,78,1426,52.2116,22.51725
765286,Mały Płock,Maly Plock,P,PPL,1051,81,2006,53.30385,22.02836
766452,Lesko,Lesko,P,PPLA2,5700,80,1821,49.4701,22.33042
766786,Łapsze Niżne,Lapsze Nizne,P,PPL,1403,77,1211,49.39807,20.24343
768344,Komańcza,Komancza,P,PPLA3,880,80,1817,49.33922,22.06166
768785,Kolno,Kolno,P,PPL,10659,81,2006,53.41148,21.92905
769359,Kazanów,Kazanow,P,PPLA3,460,78,1436,51.27593,21.46737
770025,Jonkowo,Jonkowo,P,PPL,1500,85,2814,53.82817,20.31054
770165,Jedlińsk,Jedlinsk,P,PPLA3,1700,78,1425,51.514,21.11577
770413,Janów Podlaski,Janow Podlaski,P,PPLA3,2655,75,0601,52.19398,23.21218
771139,Hańsk,Hansk,P,PPL,1017,75,0619,51.41286,23.39942
773341,Dębno,Debno,P,PPLA3,1601,77,1202,49.96701,20.71979
773902,Czarnia,Czarnia,P,PPLA3,457,78,1415,53.35614,21.1952
774554,Chełmiec,Chelmiec,P,PPL,2657,77,1210,49.63051,20.66425
775561,Borki,Borki,P,PPLA3,732,75,0615,51.72161,22.52129
776053,Biecz,Biecz,P,PPL,4564,77,1205,49.73596,21.26301
3080644,Żary,Zary,P,PPLA2,38779,76,0811,51.64205,15.13727
3080736,Zamarski,Zamarski,P,PPL,1279,83,2403,49.78254,18.66972
3080985,Zabrze,Zabrze,P,PPLA2,192177,83,2478,50.32492,18.78576
3081060,Zabierzów,Zabierzow,P,PPL,4689,77,1206,50.11425,19.79788
3082299,Wielichowo,Wielichowo,P,PPLA3,1736,86,3005,52.11573,16.3518
3082916,Tychowo,Tychowo,P,PPLA3,2507,87,3201,53.92774,16.25771
3084024,Świerzawa,Swierzawa,P,PPLA3,2469,72,0226,51.01375,15.89516
3084954,Stara Kamienica,Stara Kamienica,P,PPL,1253,72,0206,50.91602,15.57286
3085119,Sosnówka,Sosnowka,P,PPL,1200,72,0206,50.8183,15.72315
3085172,Solec Kujawski,Solec Kujawski,P,PPL,15125,73,0403,53.08371,18.22572
3085980,Siepraw,Siepraw,P,PPLA3,4237,77,1209,49.91437,19.95864
3086283,Santok,Santok,P,PPLA3,780,76,0801,52.73785,15.41021
3086732,Rudy,Rudy,P,PPL,2768,83,2411,50.19003,18.45334
3086754,Rudniki,Rudniki,P,PPL,1338,83,2416,50.52134,19.4313
3087769,Przytoczna,Przytoczna,P,PPLA3,2400,76,0803,52.57755,15.67878
3087836,Przykona,Przykona,P,PPLA3,520,86,3027,51.98171,18.61247
3088477,Połczyn-Zdrój,Polczyn-Zdroj,P,PPL,8682,87,3216,53.76424,16.09574
3089533,Palcza,Palcza,P,PPL,1100,77,1215,49.80454,19.74389
3089543,Pakosław,Pakoslaw,P,PPL,1061,86,3022,51.61438,17.05793
3089923,Osiek,Osiek,P,PPL,1405,77,1212,50.24353,19.60047
3090403,Oborniki,Oborniki,P,PPLA3,17915,86,3016,52.64739,16.81406
3090690,Nowa Wieś Lęborska,Nowa Wies Leborska,P,PPL,2188,82,2208,54.55878,17.72756
3091493,Mokrsko,Mokrsko,P,PPL,1500,74,1017,51.17897,18.48879
3092913,Lubiszyn,Lubiszyn,P,PPLA3,800,76,0801,52.78075,14.94793
3093298,Lipka,Lipka,P,PPLA3,2200,86,3031,53.49601,17.25085
3093343,Lipie,Lipie,P,PPL,1103,83,2406,51.01257,18.79658
3093739,Lębork,Lebork,P,PPLA3,35161,82,2208,54.53921,17.75012
3094052,Łabiszyn,Labiszyn,P,PPLA3,4454,73,0419,52.9521,17.91971
3094243,Kup,Kup,P,PPL,1200,79,1609,50.80659,17.88351
3094370,Ksawerów,Ksawerow,P,PPLA3,6269,74,1008,51.68288,19.4028
3094461,Krzykosy,Krzykosy,P,PPLA3,808,86,3025,52.11041,17.37411
3094525,Krzemieniewo,Krzemieniewo,P,PPLA3,5000,86,3013,51.85905,16.83354
3094543,Krzęcin,Krzecin,P,PPL,1400,77,1206,49.94316,19.74157
3094585,Kruszwica,Kruszwica,P,PPLA3,9494,73,0407,52.67562,18.33131
3095358,Konary,Konary,P,PPL,1100,86,3022,51.6569,17.04185
3095910,Kochanowice,Kochanowice,P,PPL,1944,83,2407,50.70548,18.74911
3095961,Kobierzyce,Kobierzyce,P,PPLA3,2095,72,0223,50.97054,16.93508
3096039,Klonowa,Klonowa,P,PPLA3,950,74,1014,51.41928,18.41815
3096400,Kazimierz Biskupi,Kazimierz Biskupi,P,PPLA3,4280,86,3010,52.311,18.16581
3096797,Kamieniec,Kamieniec,P,PPL,1098,86,3005,52.16614,16.46164
3097528,Jarocin,Jarocin,P,PPL,25665,86,3006,51.97266,17.50256
3097823,Jabłonka,Jablonka,P,PPLA3,4767,77,1211,49.47968,19.6937
3098712,Górzyca,Gorzyca,P,PPLA3,1539,76,0805,52.49447,14.65503
3098950,Golina,Golina,P,PPL,1909,86,3006,51.91489,17.48268
3099062,Godziszka,Godziszka,P,PPL,2222,83,2402,49.71288,19.07587
3099544,Galewice,Galewice,P,PPLA3,1200,74,1018,51.34471,18.25756
3100247,Dolice,Dolice,P,PPLA3,2028,87,3214,53.19081,15.20267
3100946,Częstochowa,Czestochowa,P,PPLA3,248125,83,2464,50.79646,19.12409
3101053,Czempiń,Czempin,P,PPLA3,5093,86,3011,52.14404,16.76408
3101057,Czeladź,Czeladz,P,PPLA3,34308,83,2401,50.31542,19.07824
3101446,Ciasna,Ciasna,P,PPL,1722,83,2407,50.75427,18.60835
3101722,Chocianów,Chocianow,P,PPL,8187,72,0216,51.41867,15.90172
3101778,Chłapowo,Chlapowo,P,PPL,1069,82,2211,54.80365,18.37352
3101795,Chełmno,Chelmno,P,PPL,20576,73,0404,53.34855,18.4251
3103477,Bielany Wrocławskie,Bielany Wroclawskie,P,PPL,3219,72,0223,51.0361,16.9677
3103926,Bąków,Bakow,P,PPL,1517,83,2403,49.89342,18.71495
12047630,Pilczyce,Pilczyce,P,PPLX,5582,72,0264,51.13704,16.95752
12047652,Dąbie,Dabie,P,PPLX,1191,72,0264,51.10573,17.08108
752967,Żyrardów,Zyrardow,P,PPLA2,41179,78,1438,52.0488,20.44599
753020,Zwierzyniec,Zwierzyniec,P,PPLA3,3297,75,0620,50.614,22.97512
753420,Żegocina,Zegocina,P,PPL,1500,77,1201,49.81395,20.41964
754499,Wysoka Strzyżowska,Wysoka Strzyzowska,P,PPL,2199,80,1819,49.83056,21.74074
755390,Wojnicz,Wojnicz,P,PPLA3,3509,77,1216,49.958,20.83785
755435,Wojaszówka,Wojaszowka,P,PPLA3,700,80,1807,49.77777,21.67079
756106,Wąsosz,Wasosz,P,PPL,1600,81,2004,53.52209,22.31915
756794,Trojanów,Trojanow,P,PPLA3,686,78,1403,51.69225,21.81112
756819,Trawniki,Trawniki,P,PPLA3,2893,75,0617,51.13633,22.99816
758116,Stopnica,Stopnica,P,PPLA3,1545,84,2601,50.44018,20.9378
758175,Stężyca,Stezyca,P,PPLA3,1900,75,0616,51.58187,21.77087
758182,Sterdyń,Sterdyn,P,PPLA3,814,78,1429,52.58026,22.29358
758371,Stara Wieś,Stara Wies,P,PPL,3100,80,1802,49.71505,22.00441
758558,Sośnica,Sosnica,P,PPL,1409,80,1804,49.90083,22.87469
759689,Sadkowice,Sadkowice,P,PPLA3,570,74,1013,51.72517,20.51465
759704,Sabnie,Sabnie,P,PPLA3,369,78,1429,52.50097,22.30697
759751,Rzepiennik Strzyżewski,Rzepiennik Strzyzewski,P,PPLA3,1324,77,1216,49.80542,21.03599
759814,Rytwiany,Rytwiany,P,PPLA3,1821,84,2612,50.5292,21.20636
759843,Rymanów,Rymanow,P,PPLA3,3583,80,1807,49.57649,21.86811
760488,Reszel,Reszel,P,PPL,5226,85,2808,54.05042,21.14585
760657,Raków,Rakow,P,PPLA3,1174,84,2604,50.67427,21.04517
760771,Radomyśl,Radomysl,P,PPLA3,808,80,1818,50.68101,21.94365
760804,Radgoszcz,Radgoszcz,P,PPLA3,3700,77,1204,50.2058,21.11315
760917,Pułtusk,Pultusk,P,PPLA2,19039,78,1424,52.7025,21.08276
761350,Potworów,Potworow,P,PPLA3,990,78,1423,51.50874,20.72176
761653,Polańczyk,Polanczyk,P,PPLA3,830,80,1821,49.36969,22.42112
762203,Pilzno,Pilzno,P,PPLA3,4535,80,1803,49.97883,21.29228
763517,Nozdrzec,Nozdrzec,P,PPLA3,1300,80,1802,49.77323,22.19865
763521,Nowy Wiśnicz,Nowy Wisnicz,P,PPL,2751,77,1201,49.91465,20.46109
763914,Nienadowa,Nienadowa,P,PPL,2500,80,1813,49.82901,22.42704
764293,Mrozy,Mrozy,P,PPL,1789,78,1438,52.01975,20.36702
764791,Miętne,Mietne,P,PPL,2000,78,1403,51.92135,21.57457
765514,Majdan Królewski,Majdan Krolewski,P,PPLA3,2671,80,1806,50.37935,21.74615
765642,Łyse,Lyse,P,PPLA3,2350,78,1415,53.36443,21.56487
765835,Lubycza Królewska,Lubycza Krolewska,P,PPLA3,1800,75,0618,50.34102,23.51941
766021,Łoniów,Loniow,P,PPLA3,450,84,2609,50.56443,21.52599
766201,Lipnica Wielka,Lipnica Wielka,P,PPL,1938,77,1210,49.70489,20.86844
766369,Lesznowola,Lesznowola,P,PPL,5374,78,1418,52.09095,20.93479
766441,Leśna Podlaska,Lesna Podlaska,P,PPLA3,900,75,0601,52.13317,23.02786
766838,Łagów,Lagow,P,PPLA3,1630,84,2604,50.77517,21.08431
767145,Księżpol,Ksiezpol,P,PPLA3,1145,75,0602,50.42323,22.73526
767241,Krzywcza,Krzywcza,P,PPLA3,600,80,1813,49.79894,22.54549
767470,Krosno,Krosno,P,PPLA3,47784,80,1861,49.68866,21.77058
768836,Kokotów,Kokotow,P,PPL,1367,77,1219,50.01254,20.07829
769256,Kielanówka,Kielanowka,P,PPL,1081,80,1816,50.02616,21.92905
770721,Jabłonka,Jablonka,P,PPL,1100,80,1802,49.69417,22.11565
771134,Harasiuki,Harasiuki,P,PPLA3,862,80,1812,50.47515,22.47288
771158,Hajnówka,Hajnowka,P,PPLA3,22157,81,2005,52.74328,23.58122
771168,Gzy,Gzy,P,PPLA3,233,78,1424,52.74045,20.94372
771173,Gwoźnica Górna,Gwoznica Gorna,P,PPL,1480,80,1819,49.82791,21.99772
773176,Dobczyce,Dobczyce,P,PPLA3,6171,77,1209,49.88109,20.08936
773569,Dąbrowa Tarnowska,Dabrowa Tarnowska,P,PPLA2,11291,77,1204,50.17462,20.98633
773751,Czerwińsk Nad Wisłą,Czerwinsk Nad Wisla,P,PPLA3,1200,78,1420,52.39828,20.3096
773780,Czernice Borowe,Czernice Borowe,P,PPLA3,480,78,1422,53.03197,20.71944
774208,Ciechanów,Ciechanow,P,PPLA2,46438,78,1402,52.88141,20.61996
774558,Chełm,Chelm,P,PPL,63949,75,0662,51.14312,23.4716
774641,Celestynów,Celestynow,P,PPLA3,4007,78,1417,52.06093,21.39107
775737,Bodzechów,Bodzechow,P,PPLA3,0,84,2607,50.90715,21.43715
3082153,Wierzbinek,Wierzbinek,P,PPLA3,380,86,3010,52.44026,18.51085
3082866,Udanin,Udanin,P,PPLA3,982,72,0218,51.0374,16.45469
3083349,Tokarnia,Tokarnia,P,PPL,3100,77,1209,49.7272,19.87161
3084030,Świerklany Dolne,Swierklany Dolne,P,PPL,3420,83,2412,50.01827,18.57702
3084033,Świerklaniec,Swierklaniec,P,PPLA3,3786,83,2413,50.44237,18.93734
3085584,Ślemień,Slemien,P,PPL,1977,83,2417,49.71826,19.36735
3085978,Sieradz,Sieradz,P,PPLA2,44436,74,1014,51.59584,18.73023
3087072,Rogoźno,Rogozno,P,PPLA3,10859,86,3016,52.75226,16.99049
3088060,Prusice,Prusice,P,PPL,2203,72,0220,51.37116,16.96025
3088096,Prochowice,Prochowice,P,PPL,3743,72,0209,51.27307,16.36532
3088710,Poddębice,Poddebice,P,PPLA3,7840,74,1011,51.89344,18.9573
3088747,Pobierowo,Pobierowo,P,PPL,1084,87,3205,54.061,14.93282
3090470,Nowy Staw,Nowy Staw,P,PPLA3,4403,82,2209,54.13609,19.00909
3091378,Mosty,Mosty,P,PPL,1420,87,3204,53.54796,14.95634
3091435,Moryń,Moryn,P,PPLA3,1634,87,3206,52.85769,14.39297
3092080,Miastko,Miastko,P,PPLA3,10954,82,2201,54.00283,16.98263
3093174,Liszki,Liszki,P,PPL,1716,77,1206,50.03884,19.76835
3093226,Lisewo,Lisewo,P,PPL,1700,73,0404,53.2958,18.68714
3093979,Łagów,Lagow,P,PPLA3,1666,76,0808,52.33429,15.29769
3094953,Kowalewo Pomorskie,Kowalewo Pomorskie,P,PPL,4081,73,0405,53.15432,18.89868
3096630,Karlino,Karlino,P,PPL,5832,87,3201,54.03515,15.87739
3096999,Jutrosin,Jutrosin,P,PPLA3,1908,86,3022,51.65009,17.16957
3097808,Jabłonowo Pomorskie,Jablonowo Pomorskie,P,PPLA3,3658,73,0402,53.39137,19.15509
3098309,Grodziec,Grodziec,P,PPLA3,1400,86,3010,52.03855,18.05972
3098470,Grabów nad Prosną,Grabow nad Prosna,P,PPLA3,1967,86,3018,51.50596,18.11929
3098629,Gostycyn,Gostycyn,P,PPLA3,1800,73,0416,53.49014,17.80978
3099372,Gierałtowice,Gieraltowice,P,PPL,1252,77,1218,49.94426,19.3907
3099759,Elbląg,Elblag,P,PPLA2,127558,85,2861,54.1522,19.40884
3100027,Drzycim,Drzycim,P,PPL,1200,73,0414,53.5052,18.3094
3100624,Daszewice,Daszewice,P,PPL,1422,86,3021,52.30002,16.95723
3101019,Czernica,Czernica,P,PPL,2100,83,2412,50.08391,18.40068
3101693,Choczewo,Choczewo,P,PPL,1310,82,2215,54.73993,17.89175
3101856,Chałupki,Chalupki,P,PPL,1697,83,2411,49.92559,18.3173
3101951,Bytnica,Bytnica,P,PPLA3,1200,76,0802,52.15066,15.16946
3102014,Bydgoszcz,Bydgoszcz,P,PPLA,366452,73,0461,53.1235,18.00762
3102444,Brzeszcze,Brzeszcze,P,PPL,11787,77,1213,49.98203,19.15157
3102686,Bralin,Bralin,P,PPLA3,2500,86,3008,51.28581,17.90325
3102909,Borek Wielkopolski,Borek Wielkopolski,P,PPLA3,2527,86,3004,51.91674,17.24133
3102988,Bolesławiec,Boleslawiec,P,PPL,1500,74,1018,51.19866,18.19147
3103884,Banie,Banie,P,PPLA3,1967,87,3206,53.10031,14.66228
7535582,Izabelin,Izabelin,P,PPLA3,3045,78,1432,52.29992,20.81729
7576212,Kocierzew Południowy,Kocierzew Poludniowy,P,PPLA3,395,74,1005,52.21728,20.01812
753142,Żoliborz,Zoliborz,P,PPL,50934,78,1465,52.26896,20.98644
754195,Zagórz,Zagorz,P,PPLA3,5129,80,1817,49.51457,22.26706
755155,Wola Rębkowska,Wola Rebkowska,P,PPL,1400,78,1403,51.90181,21.55818
756084,Wawrzeńczyce,Wawrzenczyce,P,PPL,3000,77,1206,50.11012,20.31612
756120,Wasilków,Wasilkow,P,PPLA3,9440,81,2002,53.19909,23.20776
756919,Tłuszcz,Tluszcz,P,PPLA3,7482,78,1434,52.43058,21.43561
757178,Szydłowiec,Szydlowiec,P,PPLA2,12128,78,1430,51.22823,20.86106
757531,Sypniewo,Sypniewo,P,PPLA3,480,78,1411,53.0058,21.3073
757610,Świętajno,Swietajno,P,PPL,2000,85,2817,53.56692,21.21546
758090,Strawczyn,Strawczyn,P,PPLA3,1000,84,2604,50.94177,20.42135
758548,Sosnowica,Sosnowica,P,PPLA3,678,75,0613,51.52065,23.09215
759922,Rybczewice,Rybczewice,P,PPLA3,840,75,0617,51.02876,22.85053
760503,Rembertów,Rembertow,P,PPL,21893,78,1465,52.26059,21.16355
761187,Przędzel,Przedzel,P,PPL,1823,80,1812,50.49465,22.21925
761714,Pogórska Wola,Pogorska Wola,P,PPL,2707,77,1216,50.01855,21.15795
763006,Osiek Jasielski,Osiek Jasielski,P,PPLA3,680,80,1805,49.63784,21.4884
763659,Nowe Miasto nad Pilicą,Nowe Miasto nad Pilica,P,PPLA3,3856,78,1406,51.61812,20.57619
765736,Łukowica,Lukowica,P,PPLA3,2220,77,1207,49.6111,20.48289
766142,Lipsk,Lipsk,P,PPLA3,2463,81,2001,53.73312,23.40225
766507,Lelkowo,Lelkowo,P,PPL,1080,85,2802,54.32458,20.2248
768039,Kosina,Kosina,P,PPL,3590,80,1810,50.07213,22.32903
768123,Stara Kornica,Stara Kornica,P,PPLX,1088,78,1410,52.18183,22.93752
769135,Kłaj,Klaj,P,PPLA3,3500,77,1219,49.99246,20.29904
769177,Kije,Kije,P,PPLA3,452,84,2608,50.60721,20.57121
771953,Gołdap,Goldap,P,PPL,13769,85,2818,54.30631,22.30362
772218,Gietrzwałd,Gietrzwald,P,PPL,1070,85,2814,53.74617,20.23742
772465,Frysztak,Frysztak,P,PPLA3,950,80,1819,49.84164,21.60942
772772,Dynów,Dynow,P,PPLA3,6065,80,1816,49.81506,22.23388
774628,Ceranów,Ceranow,P,PPLA3,810,78,1429,52.63082,22.22826
775097,Brzóza Stadnicka,Brzoza Stadnicka,P,PPL,1200,80,1810,50.19965,22.28233
775110,Brzostek,Brzostek,P,PPLA3,2599,80,1803,49.87954,21.41102
775922,Biłgoraj,Bilgoraj,P,PPLA2,26987,75,0602,50.54114,22.72204
776384,Barczewo,Barczewo,P,PPLA3,7315,85,2814,53.83055,20.69112
776531,Baćkowice,Backowice,P,PPLA3,540,84,2606,50.79194,21.23211
3079942,Żuromin,Zuromin,P,PPLA2,9019,78,1437,53.06611,19.90894
3080345,Żelazków,Zelazkow,P,PPL,1250,86,3007,51.85418,18.1743
3080533,Zawidów,Zawidow,P,PPL,4364,83,,51.02546,15.06213
3081940,Wilkowice,Wilkowice,P,PPL,1589,86,3013,51.88513,16.53417
3081947,Wilków,Wilkow,P,PPL,2000,72,0226,51.09212,15.92824
3082712,Wągrowiec,Wagrowiec,P,PPL,24428,86,3028,52.80842,17.19961
3082785,Unisław,Unislaw,P,PPL,3490,73,0404,53.21241,18.38622
3083134,Trzebiel,Trzebiel,P,PPLA3,1400,76,0811,51.63496,14.81609
3083492,Targanice,Targanice,P,PPL,3860,77,1218,49.80575,19.32444
3083677,Szklarska Poręba,Szklarska Poreba,P,PPL,6970,72,0206,50.82567,15.52274
3083749,Szczytna,Szczytna,P,PPL,5234,72,0208,50.41343,16.44743
3083800,Szczepanów,Szczepanow,P,PPL,1700,72,0218,51.19796,16.61064
3084069,Świecie nad Osą,Swiecie nad Osa,P,PPLA3,870,73,0406,53.444,19.10171
3084811,Starowa Góra,Starowa Gora,P,PPL,1300,74,1006,51.69134,19.48374
3084826,Starogard Gdański,Starogard Gdanski,P,PPL,48202,82,2213,53.96396,18.52638
3086371,Sadlinki,Sadlinki,P,PPL,1987,82,2207,53.66539,18.86807
3086391,Rzyki,Rzyki,P,PPL,3105,77,1218,49.81129,19.39619
3086566,Rycerka Dolna,Rycerka Dolna,P,PPL,1475,83,2417,49.47805,19.06162
3086638,Rusocice,Rusocice,P,PPL,1164,77,1206,49.99604,19.60648
3086848,Rozwadza,Rozwadza,P,PPL,1100,79,1605,50.43493,18.0998
3087246,Regulice,Regulice,P,PPL,1882,77,1203,50.08314,19.52785
3087391,Rajsko,Rajsko,P,PPL,1440,77,1213,50.01193,19.19294
3087418,Radzionków,Radzionkow,P,PPL,17167,83,2413,50.40026,18.90232
3087705,Pszczyna,Pszczyna,P,PPLA2,25288,83,2410,49.98037,18.95382
3087958,Przelewice,Przelewice,P,PPLA3,770,87,3212,53.10413,15.07625
3088006,Przecław,Przeclaw,P,PPL,3362,87,3211,53.37447,14.47251
3088171,Poznań,Poznan,P,PPLA,570352,86,3064,52.40692,16.92993
3088281,Poraj,Poraj,P,PPL,4418,83,2409,50.67797,19.21509
3089173,Piątek,Piatek,P,PPLA3,2130,74,1004,52.0689,19.4797
3089908,Osiek,Osiek,P,PPL,1064,73,0415,52.92629,18.80765
3089917,Osiek,Osiek,P,PPL,1117,72,0211,51.36717,16.2338
3089934,Osieczna,Osieczna,P,PPLA3,2132,86,3013,51.9042,16.67862
3090551,Nowogrodziec,Nowogrodziec,P,PPLA3,4031,72,0201,51.19543,15.39854
3091135,Naprawa,Naprawa,P,PPL,2100,77,1215,49.64657,19.87916
3091760,Miłoradz,Miloradz,P,PPL,1114,82,2209,54.01392,18.91846
3091838,Mikołajki Pomorskie,Mikolajki Pomorskie,P,PPL,1416,82,2216,53.85131,19.16574
3092044,Michałowice,Michalowice,P,PPLA3,1600,77,1206,50.15898,19.98044
3092906,Lubliniec,Lubliniec,P,PPL,23784,83,2407,50.66897,18.6844
3093150,Łobżenica,Lobzenica,P,PPLA3,3211,86,3019,53.26244,17.25574
3093692,Legnica,Legnica,P,PPLA3,106033,72,0262,51.21006,16.1619
3094017,Lądek,Ladek,P,PPLA3,790,86,3023,52.20929,17.92994
3094105,Kwaczała,Kwaczala,P,PPL,1857,77,1203,50.06408,19.49215
3094690,Krobia,Krobia,P,PPLA3,4060,86,3004,51.77405,16.98237
3095202,Korfantów,Korfantow,P,PPLA3,1940,79,1607,50.48894,17.59898
3096160,Kleczew,Kleczew,P,PPLA3,4217,86,3010,52.37057,18.17714
3097339,Jaworze,Jaworze,P,PPL,6723,83,2402,49.79351,18.9479
3097367,Jawor,Jawor,P,PPLA3,23865,72,0205,51.05132,16.19347
3097409,Jastrzębia Góra,Jastrzebia Gora,P,PPL,1068,82,2211,54.83135,18.31301
3097865,Istebna,Istebna,P,PPL,4895,83,2403,49.56319,18.90567
3097872,Inowrocław,Inowroclaw,P,PPLA3,77597,73,0407,52.79886,18.26387
3098288,Grodzisk Wielkopolski,Grodzisk Wielkopolski,P,PPLA3,13826,86,3005,52.22762,16.36534
3098702,Gorzyce Wielkie,Gorzyce Wielkie,P,PPL,2076,86,3017,51.63725,17.72953
3099113,Gnieżdżewo,Gniezdzewo,P,PPL,1113,82,2211,54.74741,18.37944
3099388,Giebułtów,Giebultow,P,PPL,1032,77,1206,50.14556,19.87856
3099720,Fabianki,Fabianki,P,PPLA3,660,73,0418,52.71929,19.10943
3100364,Dobra,Dobra,P,PPLA3,950,87,3211,53.48835,14.38617
763399,Odrzywół,Odrzywol,P,PPLA3,2000,78,1423,51.51953,20.55559
764034,Niebocko,Niebocko,P,PPL,1479,80,1802,49.67774,22.10484
764749,Milanówek,Milanowek,P,PPLA3,15784,78,1405,52.11879,20.67155
765191,Marki,Marki,P,PPLA3,23177,78,1434,52.32065,21.10474
765871,Łubnice,Lubnice,P,PPLA3,310,84,2612,50.41164,21.15014
766555,Legionowo,Legionowo,P,PPLA3,50786,78,1408,52.40149,20.92664
767891,Kowala,Kowala,P,PPLA3,1023,78,1425,51.32503,21.06972
768963,Knyszyn,Knyszyn,P,PPLA3,2758,81,2008,53.31406,22.91963
769233,Kiełpin,Kielpin,P,PPL,1381,78,1432,52.35796,20.86214
770293,Jasło,Jaslo,P,PPLA2,37851,80,1805,49.74506,21.47252
770759,Iwonicz-Zdrój,Iwonicz-Zdroj,P,PPLA3,1860,80,1807,49.56319,21.78992
771478,Gręboszów,Greboszow,P,PPLA3,430,77,1204,50.24501,20.77669
771497,Granica,Granica,P,PPL,1110,78,1421,52.13359,20.80313
772793,Dydnia,Dydnia,P,PPL,1600,80,1802,49.6864,22.17196
773165,Dobra,Dobra,P,PPLA3,3100,77,1207,49.71793,20.25347
774393,Choroszcz,Choroszcz,P,PPLA3,5449,81,2002,53.14332,22.98889
776113,Białobrzegi,Bialobrzegi,P,PPL,1208,78,1408,52.44199,21.05255
776393,Barciany,Barciany,P,PPL,1100,85,2808,54.21993,21.35347
3081161,Wyry,Wyry,P,PPLA3,3304,83,2408,50.13296,18.90052
3081403,Wożniki,Wozniki,P,PPL,4488,83,2407,50.58934,19.05991
3081488,Wołczyn,Wolczyn,P,PPLA3,6221,79,1604,51.01845,18.04994
3081636,Wojkowice,Wojkowice,P,PPL,8927,83,2401,50.36509,19.03652
3082206,Wielowieś,Wielowies,P,PPL,1811,83,2405,50.50966,18.61608
3082282,Wielka Wieś,Wielka Wies,P,PPL,1127,77,1206,50.15694,19.84363
3082473,Wejherowo,Wejherowo,P,PPLA2,46820,82,2215,54.60568,18.23559
3082510,Węgierska Górka,Wegierska Gorka,P,PPL,4233,83,2417,49.60776,19.11638
3082854,Ujazd,Ujazd,P,PPLA3,1700,74,1016,51.59781,19.92225
3083904,Szadek,Szadek,P,PPLA3,2012,74,1019,51.69174,18.97549
3083908,Sypniewo,Sypniewo,P,PPL,1300,86,3031,53.46823,16.60583
3084143,Susz,Susz,P,PPLA3,5593,85,2807,53.71743,19.33645
3084289,Suchań,Suchan,P,PPLA3,1465,87,3214,53.28003,15.32541
3085616,Sławków,Slawkow,P,PPLA3,6901,83,2401,50.29943,19.38967
3086118,Sicienko,Sicienko,P,PPLA3,800,73,0403,53.20387,17.80051
3086608,Rybarzowice,Rybarzowice,P,PPL,3448,83,2402,49.72956,19.10162
3087126,Rogalinek,Rogalinek,P,PPL,1563,86,3021,52.24945,16.89989
3087287,Recz,Recz,P,PPLA3,2992,87,3202,53.25989,15.54713
3087675,Puńców,Puncow,P,PPL,1508,83,2403,49.71842,18.66157
3088135,Praszka,Praszka,P,PPLA3,8150,79,1608,51.05375,18.45317
3088848,Pleszew,Pleszew,P,PPLA2,17640,86,3020,51.89636,17.78549
3088866,Płaza,Plaza,P,PPL,4000,77,1203,50.09988,19.46451
3089010,Pilica,Pilica,P,PPL,1999,83,2416,50.46799,19.65729
3089025,Piława Górna,Pilawa Gorna,P,PPLA3,6736,72,0202,50.68357,16.74359
3089256,Pewel Ślemieńska,Pewel Slemienska,P,PPL,1555,83,2417,49.68968,19.33431
3089670,Ostrzeszów,Ostrzeszow,P,PPLA2,14446,86,3018,51.4264,17.93355
3089791,Ostaszewo,Ostaszewo,P,PPL,1017,82,2210,54.21256,18.95142
3089942,Osie,Osie,P,PPL,2520,73,0414,53.59918,18.34373
3090612,Nowe Miasto nad Wartą,Nowe Miasto nad Warta,P,PPL,1543,86,3025,52.09007,17.41114
3090798,Nowa Góra,Nowa Gora,P,PPL,1637,77,1206,50.17305,19.5912
3091585,Mochowo,Mochowo,P,PPLA3,310,78,1427,52.7657,19.55592
3092638,Lwówek Śląski,Lwowek Slaski,P,PPL,9657,72,0212,51.11074,15.58582
3092639,Lwówek,Lwowek,P,PPLA3,2939,86,3015,52.44798,16.18106
3092964,Lubień,Lubien,P,PPL,3200,77,1209,49.71921,19.97847
3094355,Książ Wielkopolski,Ksiaz Wielkopolski,P,PPLA3,2736,86,3026,52.06167,17.23952
3094359,Książki,Ksiazki,P,PPLA3,0,73,0417,53.3298,19.07029
3094547,Krzczonów,Krzczonow,P,PPL,1900,77,1209,49.73813,19.91821
3095951,Kobyla Góra,Kobyla Gora,P,PPLA3,2000,86,3018,51.37923,17.83811
3096079,Kłodawa,Klodawa,P,PPLA3,6714,86,3009,52.25447,18.91352
3096208,Kisielice,Kisielice,P,PPLA3,2234,85,2807,53.60855,19.2635
3096385,Kcynia,Kcynia,P,PPLA3,4716,73,0410,52.99192,17.4883
3096924,Kalej,Kalej,P,PPL,1668,83,2406,50.83662,18.98429
3097006,Juszczyn,Juszczyn,P,PPL,2511,77,1215,49.6929,19.69128
3097043,Jugów,Jugow,P,PPL,3700,72,0208,50.62758,16.51812
3097416,Jastrząb,Jastrzab,P,PPL,1295,83,2409,50.67019,19.1817
3097841,Izbica Kujawska,Izbica Kujawska,P,PPLA3,2771,73,0418,52.42073,18.7627
3099923,Działoszyn,Dzialoszyn,P,PPL,6222,74,1009,51.11699,18.86524
3100180,Dominowo,Dominowo,P,PPLA3,547,86,3025,52.29158,17.35754
3100421,Długołęka,Dlugoleka,P,PPLA3,2620,72,0223,51.17902,17.19137
3100820,Dąbrowa,Dabrowa,P,PPLA3,1101,73,0409,52.74668,17.94342
3101675,Chojna,Chojna,P,PPLA3,7398,87,3206,52.96389,14.42797
3101829,Chąśno,Chasno,P,PPLA3,287,74,1005,52.19535,19.94259
3102172,Budzów,Budzow,P,PPLA3,2400,77,1215,49.77622,19.67274
3102362,Brzeźnio,Brzeznio,P,PPLA3,1150,74,1014,51.494,18.62234
3102510,Brudzew,Brudzew,P,PPLA3,1620,86,3027,52.09949,18.60432
3102679,Branice,Branice,P,PPLA3,2300,79,1602,50.05108,17.79399
3103824,Barlinek,Barlinek,P,PPLA3,14385,87,3210,52.99464,15.21864
3104002,Babimost,Babimost,P,PPLA3,4182,76,0809,52.16488,15.82769
7534709,Rutki-Kossaki,Rutki-Kossaki,P,PPL,1300,81,2014,53.08932,22.44011
12047647,Pawłowice-Kłokoczyce,Pawlowice-Klokoczyce,P,PPLX,2568,72,0264,51.16495,17.09822
12047655,Powstańców Śląskich Zachód-Centrum Południow,Powstancow Slaskich Zachod-Centrum Poludniow,P,PPLX,12077,72,0264,51.09607,17.0177
12110766,Lipkowo,Lipkowo,P,PPLA3,0,85,2813,54.00075,22.56191
753394,Żelechów,Zelechow,P,PPLA3,4087,78,1403,51.81051,21.89721
754508,Wysoka Głogowska,Wysoka Glogowska,P,PPL,2213,80,1816,50.16019,22.02124
755421,Wojciechowice,Wojciechowice,P,PPLA3,324,84,2606,50.84226,21.58942
755907,Wielbark,Wielbark,P,PPL,2943,85,2817,53.39858,20.94629
756053,Węglówka,Weglowka,P,PPL,1100,77,1209,49.73424,20.08575
756135,Warsaw,Warsaw,P,PPLC,1702139,78,1465,52.22977,21.01178
756734,Trzciana,Trzciana,P,PPL,1300,80,1811,50.30771,21.33725
756824,Trablice,Trablice,P,PPL,1447,78,1425,51.35249,21.12877
757050,Tarłów,Tarlow,P,PPLA3,790,84,2606,51.0016,21.71474
757388,Szczucin,Szczucin,P,PPLA3,4166,77,1204,50.30957,21.07444
757948,Stubno,Stubno,P,PPLA3,1400,80,1813,49.89806,22.95602
759302,Sieniawa,Sieniawa,P,PPL,1078,80,1807,49.56508,21.92785
759412,Siedlce,Siedlce,P,PPL,77185,78,1464,52.16772,22.29006
759466,Serokomla,Serokomla,P,PPL,1060,75,0611,51.7007,22.33237
759470,Serock,Serock,P,PPLA3,4023,78,1408,52.51036,21.0691
760123,Ruda Maleniecka,Ruda Maleniecka,P,PPLA3,610,84,2605,51.14592,20.22377
760490,Repki,Repki,P,PPLA3,829,78,1429,52.38555,22.39117
760684,Radzymin,Radzymin,P,PPLA3,8818,78,1434,52.41592,21.18415
760723,Radzanów,Radzanow,P,PPLA3,930,78,1413,52.94238,20.09219
761300,Prażmów,Prazmow,P,PPLA3,403,78,1418,51.9404,20.95479
761363,Potok Górny,Potok Gorny,P,PPLA3,1341,75,0602,50.38477,22.56188
761472,Poręba,Poreba,P,PPL,1178,77,1209,49.79645,20.01718
763013,Osieczany,Osieczany,P,PPL,1600,77,1209,49.84252,19.98207
763051,Orzechówka,Orzechowka,P,PPL,1550,80,1802,49.7308,21.94519
3101224,Czajków,Czajkow,P,PPLA3,1100,86,3018,51.49197,18.32726
3101277,Cisownica,Cisownica,P,PPL,1705,83,2403,49.72276,18.76207
3101635,Choroń,Choron,P,PPL,1221,83,2409,50.68178,19.26058
3101689,Chodecz,Chodecz,P,PPLA3,1902,73,0418,52.40513,19.02759
3101787,Chełmża,Chelmza,P,PPLA3,15403,73,0415,53.18463,18.60466
3101992,Bystra,Bystra,P,PPL,2900,77,1215,49.64796,19.77994
3102616,Brody,Brody,P,PPL,2577,77,1218,49.86742,19.69746
3102658,Brdów,Brdow,P,PPL,1050,86,3009,52.3539,18.7298
3102728,Borzytuchom,Borzytuchom,P,PPLA3,902,82,2201,54.20021,17.36801
3103179,Bobolice,Bobolice,P,PPLA3,4365,87,3209,53.95508,16.58893
3103351,Bierzwnik,Bierzwnik,P,PPL,1152,87,3202,53.03567,15.665
3103751,Bęczarka,Beczarka,P,PPL,1013,77,1209,49.87793,19.86723
3103847,Bardo,Bardo,P,PPL,2763,72,0224,50.50589,16.73986
3104133,Aleksandrów Kujawski,Aleksandrow Kujawski,P,PPL,12290,73,0401,52.87659,18.69345
753140,Żółkiewka,Zolkiewka,P,PPLA3,790,75,0606,50.90991,22.83465
753760,Zarzecze,Zarzecze,P,PPL,2549,80,1812,50.52767,22.19522
754456,Wyszki,Wyszki,P,PPLA3,0,81,2003,52.84129,22.98119
754886,Wólka Podleśna,Wolka Podlesna,P,PPL,1500,80,1816,50.11785,22.11213
756354,Ułęż,Ulez,P,PPLA3,1677,75,0616,51.59195,22.10741
756481,Tylicz,Tylicz,P,PPL,2000,77,1210,49.39598,21.02368
756679,Trzemeśnia,Trzemesnia,P,PPL,2200,77,1209,49.82752,20.02207
756939,Teresin,Teresin,P,PPL,2500,78,1428,52.19887,20.41672
758605,Solec Nad Wisłą,Solec Nad Wisla,P,PPLA3,1650,78,1409,51.13633,21.76563
758626,Sokołów Podlaski,Sokolow Podlaski,P,PPLA2,18241,78,1429,52.40677,22.25307
758681,Sochocin,Sochocin,P,PPLA3,1945,78,1420,52.68715,20.47259
758746,Śniadowo,Sniadowo,P,PPL,1500,81,2007,53.03874,21.99077
759320,Siemiatycze,Siemiatycze,P,PPLA3,15421,81,2010,52.42719,22.86231
759779,Rzeczyca,Rzeczyca,P,PPLA3,1589,74,1016,51.59824,20.29484
760769,Radomyśl Wielki,Radomysl Wielki,P,PPL,2992,80,1811,50.19693,21.27693
761671,Pokrówka,Pokrowka,P,PPL,1594,75,0603,51.09479,23.46345
762021,Płońsk,Plonsk,P,PPLA2,22217,78,1420,52.62348,20.37552
762056,Pleśna,Plesna,P,PPLA3,1890,77,1216,49.92642,20.94526
762458,Perlejewo,Perlejewo,P,PPLA3,0,81,2010,52.56676,22.56457
763440,Ochotnica Dolna,Ochotnica Dolna,P,PPL,2100,77,1211,49.52682,20.34265
763519,Nowy Żmigród,Nowy Zmigrod,P,PPLA3,1406,80,1805,49.60353,21.52376
763556,Nowy Dwór Mazowiecki,Nowy Dwor Mazowiecki,P,PPLA3,27633,78,1414,52.43022,20.71652
764666,Mirocin,Mirocin,P,PPL,1405,80,1814,50.04237,22.55596
764880,Miedziana Góra,Miedziana Gora,P,PPLA3,2317,84,2604,50.9368,20.55096
765745,Łukowa,Lukowa,P,PPLA3,2604,75,0602,50.37426,22.94349
767121,Kuczbork-Osada,Kuczbork-Osada,P,PPLA3,310,78,1437,53.08619,20.04782
768217,Końskowola,Konskowola,P,PPLA3,2208,75,0614,51.40922,22.05175
771275,Grzybowa Góra,Grzybowa Gora,P,PPL,1052,84,2610,51.13326,20.96174
771394,Grodzisko Dolne,Grodzisko Dolne,P,PPLA3,1700,80,1808,50.16238,22.46292
771683,Goworowo,Goworowo,P,PPLA3,820,78,1415,52.90083,21.55578
771729,Gorzyce,Gorzyce,P,PPLA3,8009,80,1820,50.6672,21.84013
772339,Garwolin,Garwolin,P,PPLA2,15912,78,1403,51.89747,21.61466
772372,Garbatka-Letnisko,Garbatka-Letnisko,P,PPLA3,3295,78,1407,51.4832,21.61079
772641,Dzwola,Dzwola,P,PPLA3,936,75,0605,50.69657,22.56729
772644,Dźwierzuty,Dzwierzuty,P,PPL,1380,85,2817,53.70494,20.96037
773897,Czarnocin,Czarnocin,P,PPLA3,410,84,2603,50.3408,20.5162
773968,Czarna,Czarna,P,PPLA3,792,80,1801,49.33116,22.65896
774116,Ciężkowice,Ciezkowice,P,PPLA3,2395,77,1216,49.78575,20.97324
775717,Boguchwała,Boguchwala,P,PPLA3,5823,80,1816,49.98473,21.94528
776553,Baboszewo,Baboszewo,P,PPLA3,1800,78,1420,52.6807,20.25527
3080071,Złotów,Zlotow,P,PPLA3,18395,86,3031,53.36346,17.04082
3080476,Zblewo,Zblewo,P,PPL,3263,82,2213,53.93366,18.32262
3080925,Zagórze,Zagorze,P,PPL,2963,77,1203,50.09449,19.40357
3080929,Zagórów,Zagorow,P,PPLA3,2974,86,3023,52.16835,17.89561
3081128,Wysoka,Wysoka,P,PPLA3,2728,86,3019,53.18091,17.08353
3081942,Wilkowice,Wilkowice,P,PPL,6496,83,2402,49.76282,19.08973
3081973,Wilczyn,Wilczyn,P,PPLA3,1200,86,3010,52.48816,18.16126
3082176,Wieruszów,Wieruszow,P,PPLA2,8692,74,1018,51.29488,18.15547
3082481,Węgry,Wegry,P,PPL,1010,79,1609,50.74319,18.01741
3082707,Wałbrzych,Walbrzych,P,PPLA3,127431,72,0265,50.77141,16.28432
3083017,Tuliszków,Tuliszkow,P,PPLA3,3371,86,3027,52.07658,18.29549
3083111,Trzebinia,Trzebinia,P,PPLA3,18828,77,1203,50.15931,19.46966
3083576,Szydłowo,Szydlowo,P,PPLA3,750,86,3019,53.16212,16.61171
3084092,Świdnica,Swidnica,P,PPLA3,1400,76,0809,51.88836,15.39013
3084178,Sułoszowa,Suloszowa,P,PPLA3,4200,77,1206,50.26789,19.73282
3085128,Sosnowiec,Sosnowiec,P,PPL,227295,83,2475,50.28682,19.10385
3085855,Skalmierzyce,Skalmierzyce,P,PPL,1789,86,3017,51.70097,17.96333
3085999,Sieniawa Żarska,Sieniawa Zarska,P,PPL,1090,76,0811,51.64007,15.06045
3086531,Rydułtowy,Rydultowy,P,PPLA3,21887,83,2415,50.05857,18.41703
3086725,Rudziczka,Rudziczka,P,PPL,1152,83,2410,50.03608,18.76225
3086752,Rudniki,Rudniki,P,PPL,1726,83,2404,50.87851,19.24616
3087071,Rogóźno,Rogozno,P,PPLA3,960,73,0406,53.53587,18.92859
3087992,Przedecz,Przedecz,P,PPLA3,1780,86,3009,52.3344,18.89915
3088033,Pruszcz,Pruszcz,P,PPL,2300,73,0414,53.33021,18.19894
3088077,Prószków,Proszkow,P,PPL,2691,79,1609,50.5767,17.87143
3088461,Police,Police,P,PPLA2,34350,87,3211,53.55214,14.57182
3088927,Pisarzowice,Pisarzowice,P,PPL,1600,72,0210,51.14479,15.23057
3089152,Piechowice,Piechowice,P,PPLA3,6496,72,0206,50.84963,15.59887
3089496,Paniówki,Paniowki,P,PPL,2297,83,2405,50.23139,18.78104
3090146,Olkusz,Olkusz,P,PPLA2,37744,77,1212,50.2813,19.56503
3090759,Nowa Wieś,Nowa Wies,P,PPL,3648,77,1213,49.90746,19.21646
3091141,Namysłów,Namyslow,P,PPLA2,16376,79,1606,51.07592,17.72284
3091256,Myślenice,Myslenice,P,PPLA2,17686,77,1209,49.83383,19.9383
3091528,Mogilany,Mogilany,P,PPLA3,2605,77,1206,49.9389,19.88972
3091788,Milicz,Milicz,P,PPL,11304,72,0213,51.5277,17.27137
3091894,Mierzęcice,Mierzecice,P,PPLA3,2676,83,2401,50.44504,19.12934
3092162,Mazańcowice,Mazancowice,P,PPL,3401,83,2402,49.85802,18.97708
3092622,Lyski,Lyski,P,PPLA3,1871,83,2412,50.11992,18.39146
3093366,Lipce Reymontowskie,Lipce Reymontowskie,P,PPLA3,1200,74,1015,51.89863,19.94173
3094400,Krzyżanowice,Krzyzanowice,P,PPLA3,2005,83,2411,49.98247,18.26846
3095057,Kostrzyn nad Odrą,Kostrzyn nad Odra,P,PPL,18099,76,0801,52.58713,14.64953
3095928,Kobylnica,Kobylnica,P,PPL,1480,86,3021,52.44597,17.07644
3096053,Kłodzko,Klodzko,P,PPL,26845,72,0208,50.43488,16.66145
3096338,Kępno,Kepno,P,PPLA2,14813,86,3008,51.2784,17.98908
3096372,Kędzierzyn-Koźle,Kedzierzyn-Kozle,P,PPLA2,65636,79,1603,50.34984,18.22606
3097219,Jerzmanowice,Jerzmanowice,P,PPLA3,2230,77,1206,50.21267,19.74672
3097471,Jasienica,Jasienica,P,PPL,1500,77,1209,49.82281,19.84191
3098201,Gryfice,Gryfice,P,PPLA2,16720,87,3205,53.9165,15.20027
3098218,Grudziądz,Grudziadz,P,PPL,95045,73,0462,53.48411,18.75366
3098277,Grojec,Grojec,P,PPL,2923,77,1213,49.98147,19.23792
3098394,Granowo,Granowo,P,PPLA3,2031,86,3005,52.22244,16.52859
3098959,Goleszów,Goleszow,P,PPL,4045,83,2403,49.7358,18.73675
3099679,Filipowice,Filipowice,P,PPL,2090,77,1206,50.15573,19.56579
